"日期","收市","開市","高","低","成交量","升跌（%）"
"2026-5-22","75.5150","76.7200","77.0606","74.9548","","-1.57%"
"2026-5-21","76.7225","76.1853","77.1314","74.4370","","0.92%"
"2026-5-20","76.0264","73.8500","76.6282","73.1256","","2.94%"
"2026-5-19","73.8525","77.6494","79.1641","73.0810","","-4.96%"
"2026-5-18","77.7060","75.7930","78.2050","73.8578","","1.38%"
"2026-5-17","76.6480","75.8290","76.9190","75.2130","","0.88%"
"2026-5-15","75.9772","83.7450","83.8954","75.7247","","-9.01%"
"2026-5-14","83.5050","88.0100","88.5111","83.0964","","-5.12%"
"2026-5-13","88.0084","86.5700","89.3881","85.6161","","1.67%"
"2026-5-12","86.5650","86.1100","87.2284","83.0335","","0.53%"
"2026-5-11","86.1100","79.4965","86.2488","79.0744","","7.17%"
"2026-5-8","80.3474","78.6200","81.5950","78.1128","","2.35%"
"2026-5-7","78.5000","77.3600","82.2200","76.9824","","1.48%"
"2026-5-6","77.3550","72.3650","77.8450","72.3638","","6.19%"
"2026-5-5","72.8450","72.7400","74.2120","72.3868","","0.14%"
"2026-5-4","72.7400","75.5113","76.0301","72.2150","","-3.48%"
"2026-5-1","75.3610","73.7600","76.9744","72.9790","","2.17%"
"2026-4-30","73.7600","71.5000","73.9544","71.2038","","3.16%"
"2026-4-29","71.5000","73.2918","73.9706","70.8596","","-2.20%"
"2026-4-28","73.1050","75.4847","76.3441","72.0366","","-3.20%"
"2026-4-27","75.5200","75.6124","76.6085","74.6339","","-0.24%"
"2026-4-24","75.6988","75.0650","76.6940","73.9235","","0.33%"
"2026-4-23","75.4500","77.6153","78.3844","74.2144","","-2.92%"
"2026-4-22","77.7200","76.9303","78.6970","76.6813","","1.30%"
"2026-4-21","76.7250","79.7798","80.2354","75.3863","","-4.01%"
"2026-4-20","79.9300","80.8150","80.8150","78.6280","","-1.09%"
"2026-4-17","80.8103","78.5025","83.0686","77.7656","","3.03%"
"2026-4-16","78.4300","79.1550","80.8850","78.0400","","-0.84%"
"2026-4-15","79.0917","79.5600","81.0400","78.2345","","-0.58%"
"2026-4-14","79.5550","75.5120","79.6941","75.3666","","5.23%"
"2026-4-13","75.6000","75.7679","75.9683","72.6010","","-0.40%"
"2026-4-10","75.9014","75.7495","76.8370","74.8165","","1.05%"
"2026-4-9","75.1125","74.2514","76.6379","72.8650","","1.30%"
"2026-4-8","74.1462","73.2635","77.8150","72.9287","","1.63%"
"2026-4-7","72.9550","72.8050","73.4800","69.8035","","0.19%"
"2026-4-6","72.8150","72.5896","73.6100","71.1882","","-0.27%"
"2026-4-3","73.0150","73.0150","73.0150","73.0150","","0.00%"
"2026-4-2","73.0150","75.0263","75.9267","69.5548","","-2.83%"
"2026-4-1","75.1450","75.1300","76.1550","73.7486","","0.02%"
"2026-3-31","75.1300","70.0860","75.3900","68.9616","","7.19%"
"2026-3-30","70.0895","69.7900","71.7850","67.6683","","0.44%"
"2026-3-27","69.7850","68.2925","71.7300","67.3875","","2.55%"
"2026-3-26","68.0500","71.3450","72.2600","66.7054","","-4.57%"
"2026-3-25","71.3059","70.9260","74.6550","70.8850","","0.08%"
"2026-3-24","71.2475","69.3050","71.3141","66.0023","","3.02%"
"2026-3-23","69.1590","67.7900","71.0400","60.9700","","2.02%"
"2026-3-20","67.7881","72.8550","74.5800","67.5195","","-7.04%"
"2026-3-19","72.9250","75.3251","76.7500","65.5050","","-3.26%"
"2026-3-18","75.3825","79.2980","80.2250","75.0075","","-4.96%"
"2026-3-17","79.3125","80.9774","82.5548","78.2464","","-1.83%"
"2026-3-16","80.7900","80.5800","81.6649","77.0340","","0.27%"
"2026-3-13","80.5764","83.6595","85.4950","79.4291","","-3.85%"
"2026-3-12","83.8015","85.5466","87.4950","83.0085","","-2.34%"
"2026-3-11","85.8100","88.3035","89.4650","84.4264","","-2.95%"
"2026-3-10","88.4225","86.7813","90.0260","86.5028","","1.60%"
"2026-3-9","87.0325","84.4365","87.0825","79.6120","","3.15%"
"2026-3-6","84.3717","82.4258","85.0128","81.6673","","2.65%"
"2026-3-5","82.1941","83.4276","85.5875","80.5235","","-1.48%"
"2026-3-4","83.4270","82.0728","86.8177","81.4620","","1.65%"
"2026-3-3","82.0728","89.4715","91.3850","77.9485","","-8.27%"
"2026-3-2","89.4711","95.5098","96.4400","86.5087","","-4.66%"
"2026-2-27","93.8431","88.3733","94.1950","87.8125","","6.19%"
"2026-2-26","88.3731","89.4227","90.4017","85.2000","","-1.20%"
"2026-2-25","89.4430","87.3450","91.3297","86.5698","","2.39%"
"2026-2-24","87.3530","88.2350","89.0700","84.9930","","-1.02%"
"2026-2-23","88.2491","84.6500","89.0797","84.5888","","4.26%"
"2026-2-20","84.6450","78.3721","84.7119","77.4584","","8.00%"
"2026-2-19","78.3720","77.2202","79.5150","76.4500","","1.49%"
"2026-2-18","77.2202","73.4867","78.3650","72.2938","","5.08%"
"2026-2-17","73.4847","76.6050","77.1300","71.9650","","-4.07%"
"2026-2-16","76.6050","77.9607","78.4401","74.6500","","-1.07%"
"2026-2-13","77.4345","75.1944","79.3848","73.9550","","2.97%"
"2026-2-12","75.1981","84.0532","85.2299","74.4242","","-10.54%"
"2026-2-11","84.0575","80.7536","86.3313","80.4000","","4.11%"
"2026-2-10","80.7400","83.4088","84.0606","79.9738","","-3.20%"
"2026-2-9","83.4114","78.3795","84.0451","78.3325","","6.91%"
"2026-2-6","78.0169","71.2800","78.1850","64.0571","","9.43%"
"2026-2-5","71.2921","88.0600","90.4573","70.9600","","-19.05%"
"2026-2-4","88.0738","85.1599","92.2311","83.2857","","3.42%"
"2026-2-3","85.1576","79.4200","89.2000","78.9347","","7.18%"
"2026-2-2","79.4546","81.8845","87.9407","71.3678","","-6.20%"
"2026-1-30","84.7040","116.1339","118.5030","73.7850","","-27.07%"
"2026-1-29","116.1495","116.6200","121.6700","105.6241","","-0.39%"
"2026-1-28","116.6095","113.0300","117.4550","110.5200","","3.17%"
"2026-1-27","113.0258","103.9319","113.4688","103.3885","","8.78%"
"2026-1-26","103.8984","104.3867","117.7363","102.4536","","0.90%"
"2026-1-23","102.9727","96.1950","103.0335","96.1174","","7.04%"
"2026-1-22","96.1987","93.2557","96.6092","90.8396","","3.16%"
"2026-1-21","93.2560","94.6286","95.5199","90.3638","","-1.44%"
"2026-1-20","94.6150","94.4252","95.8956","92.5886","","-0.10%"
"2026-1-19","94.7050","91.0785","94.7050","91.0041","","5.28%"
"2026-1-16","89.9544","92.3426","92.8314","86.9000","","-2.59%"
"2026-1-15","92.3425","92.7780","93.6138","86.3050","","-0.47%"
"2026-1-14","92.7780","86.9818","93.5174","86.8894","","6.66%"
"2026-1-13","86.9818","84.9802","89.1405","83.4302","","2.36%"
"2026-1-12","84.9802","80.4298","86.2610","79.9649","","6.26%"
"2026-1-9","79.9724","76.9214","80.5274","75.4892","","3.97%"
"2026-1-8","76.9215","78.1512","79.0462","73.8314","","-1.58%"
"2026-1-7","78.1527","81.2979","82.7738","76.3664","","-3.87%"
"2026-1-6","81.2979","76.5502","81.4387","75.8830","","6.19%"
"2026-1-5","76.5600","73.7428","77.9000","72.9152","","5.37%"
"2026-1-2","72.6600","71.2950","74.5750","71.2950","","-0.03%"
"2026-1-1","72.6835","72.4210","72.9750","71.1360","","1.95%"
"2025-12-31","71.2928","76.5065","76.5135","70.0604","","-6.81%"
"2025-12-30","76.5000","72.2496","78.0850","71.1517","","5.89%"
"2025-12-29","72.2468","80.2250","83.6450","70.5250","","-8.73%"
"2025-12-26","79.1609","71.9650","79.3274","71.9650","","8.25%"
"2025-12-25","73.1275","73.6405","73.8240","72.7035","","1.61%"
"2025-12-24","71.9684","71.4550","72.7250","70.1909","","0.72%"
"2025-12-23","71.4549","69.0681","71.5875","68.8429","","3.47%"
"2025-12-22","69.0600","67.3860","69.4700","67.2976","","2.82%"
"2025-12-19","67.1663","65.4383","67.4750","64.4800","","2.64%"
"2025-12-18","65.4381","66.3264","66.6350","64.6289","","-1.33%"
"2025-12-17","66.3200","63.7921","66.9057","63.6706","","3.96%"
"2025-12-16","63.7914","63.9778","64.1689","62.1660","","-0.28%"
"2025-12-15","63.9677","61.5650","64.1721","60.5450","","3.14%"
"2025-12-12","62.0194","63.5782","64.6699","60.8037","","-2.45%"
"2025-12-11","63.5780","61.7979","64.3350","61.4307","","2.88%"
"2025-12-10","61.7981","60.6824","61.9585","60.0950","","1.84%"
"2025-12-9","60.6825","58.1325","60.8428","57.5934","","4.39%"
"2025-12-8","58.1325","58.3353","58.6472","57.5599","","-0.28%"
"2025-12-5","58.2951","57.1429","59.3474","56.8772","","2.03%"
"2025-12-4","57.1350","58.4868","58.7750","56.4809","","-2.31%"
"2025-12-3","58.4867","58.4654","59.0050","57.5307","","0.02%"
"2025-12-2","58.4750","57.9744","58.6750","56.5848","","0.86%"
"2025-12-1","57.9744","56.3523","58.8550","56.1809","","2.78%"
"2025-11-28","56.4050","53.4650","56.5509","53.3369","","5.50%"
"2025-11-27","53.4650","53.3786","53.9250","52.6773","","0.16%"
"2025-11-26","53.3788","51.4406","53.4150","51.2845","","3.77%"
"2025-11-25","51.4407","51.4081","51.7650","50.6822","","0.06%"
"2025-11-24","51.4080","50.0350","51.4350","49.7109","","2.74%"
"2025-11-21","50.0365","50.6058","50.8684","48.6281","","-1.13%"
"2025-11-20","50.6059","51.3960","51.8777","50.2162","","-1.53%"
"2025-11-19","51.3900","50.7091","52.5050","50.3625","","1.34%"
"2025-11-18","50.7113","50.2145","51.2050","49.3485","","0.99%"
"2025-11-17","50.2143","50.5650","51.3250","49.5701","","-0.68%"
"2025-11-14","50.5600","52.3450","53.5750","50.0634","","-3.39%"
"2025-11-13","52.3367","53.4195","54.4050","52.0620","","-2.03%"
"2025-11-12","53.4192","51.2347","53.6950","50.8649","","4.26%"
"2025-11-11","51.2347","50.5472","51.2668","50.2667","","1.36%"
"2025-11-10","50.5472","48.3350","50.6188","48.3187","","4.57%"
"2025-11-7","48.3383","48.0268","48.8950","47.9497","","0.67%"
"2025-11-6","48.0150","48.0709","48.8111","47.6487","","-0.12%"
"2025-11-5","48.0710","47.1374","48.3050","46.8924","","2.00%"
"2025-11-4","47.1300","48.1128","48.2350","46.8700","","-2.03%"
"2025-11-3","48.1050","48.6620","49.1450","48.0020","","-1.17%"
"2025-10-31","48.6750","48.9290","49.4100","48.3646","","-0.52%"
"2025-10-30","48.9300","47.5430","49.0050","47.2580","","2.85%"
"2025-10-29","47.5750","47.0500","48.4745","46.8460","","1.08%"
"2025-10-28","47.0650","47.0139","47.2770","45.5431","","0.32%"
"2025-10-27","46.9150","48.5250","48.7003","46.0769","","-3.49%"
"2025-10-24","48.6125","48.9085","49.0370","47.8143","","-0.68%"
"2025-10-23","48.9450","48.4616","49.4700","47.9137","","0.82%"
"2025-10-22","48.5450","48.7553","49.3428","47.5231","","-0.45%"
"2025-10-21","48.7650","52.4917","52.6176","47.8793","","-7.11%"
"2025-10-20","52.4950","51.8854","52.8000","51.2808","","1.13%"
"2025-10-17","51.9087","54.1800","54.4962","50.6200","","-4.36%"
"2025-10-16","54.2750","53.1175","54.3013","52.4712","","2.22%"
"2025-10-15","53.0950","51.4747","53.2162","51.3773","","3.16%"
"2025-10-14","51.4700","52.3450","53.6250","50.4823","","-1.68%"
"2025-10-13","52.3499","50.3491","52.4627","49.7974","","4.09%"
"2025-10-10","50.2950","49.1350","51.1632","48.7927","","2.35%"
"2025-10-9","49.1400","48.9151","51.2403","48.4500","","0.48%"
"2025-10-8","48.9050","47.8297","49.5950","47.7297","","2.22%"
"2025-10-7","47.8450","48.5594","48.6650","47.3157","","-1.46%"
"2025-10-6","48.5550","48.0800","48.7858","47.9500","","1.16%"
"2025-10-3","47.9975","46.9830","48.3822","46.6438","","2.14%"
"2025-10-2","46.9900","47.3230","48.1050","45.9038","","-0.75%"
"2025-10-1","47.3450","46.6700","47.8550","46.6130","","1.39%"
"2025-9-30","46.6950","46.9360","47.1850","45.8002","","-0.55%"
"2025-9-29","46.9550","46.1250","47.1950","45.9424","","2.02%"
"2025-9-26","46.0262","45.2040","46.6550","44.5623","","1.73%"
"2025-9-25","45.2450","43.9089","45.2550","43.7709","","2.98%"
"2025-9-24","43.9350","43.9890","44.3350","43.6627","","-0.24%"
"2025-9-23","44.0400","44.0292","44.4850","43.6381","","-0.15%"
"2025-9-22","44.1050","43.1200","44.1350","43.0178","","2.32%"
"2025-9-19","43.1050","41.8045","43.1229","41.6415","","3.06%"
"2025-9-18","41.8250","41.6640","41.9856","41.1909","","0.35%"
"2025-9-17","41.6800","42.5561","42.6476","41.1210","","-2.09%"
"2025-9-16","42.5700","42.6850","42.9950","42.2511","","-0.39%"
"2025-9-15","42.7350","42.2050","42.7656","41.9966","","1.28%"
"2025-9-12","42.1950","41.5695","42.4950","41.3931","","1.47%"
"2025-9-11","41.5850","41.1929","41.7850","40.8810","","1.01%"
"2025-9-10","41.1700","40.9085","41.3150","40.7155","","0.65%"
"2025-9-9","40.9050","41.3382","41.4984","40.7728","","-1.09%"
"2025-9-8","41.3550","41.0050","41.6750","40.5132","","0.85%"
"2025-9-5","41.0050","40.6890","41.4350","40.5497","","0.76%"
"2025-9-4","40.6950","41.1801","41.2431","40.3947","","-1.26%"
"2025-9-3","41.2150","40.8735","41.4850","40.6171","","0.73%"
"2025-9-2","40.9150","40.7542","40.9750","40.1307","","0.53%"
"2025-9-1","40.6996","39.7050","40.7850","39.5160","","2.53%"
"2025-8-29","39.6950","39.0361","40.0050","38.7090","","1.53%"
"2025-8-28","39.0950","38.5767","39.1467","38.5404","","1.18%"
"2025-8-27","38.6385","38.5839","38.7249","38.0774","","0.06%"
"2025-8-26","38.6150","38.5811","38.8850","38.3275","","0.10%"
"2025-8-25","38.5750","38.9319","39.0250","38.5222","","-0.70%"
"2025-8-22","38.8475","38.1456","39.0950","37.6868","","1.72%"
"2025-8-21","38.1900","37.8729","38.2550","37.5262","","0.74%"
"2025-8-20","37.9087","37.3495","37.9650","36.9556","","1.37%"
"2025-8-19","37.3950","38.0357","38.1750","37.2665","","-1.68%"
"2025-8-18","38.0350","38.0350","38.2850","37.8176","","0.05%"
"2025-8-15","38.0150","38.0096","38.1350","37.6766","","0.00%"
"2025-8-14","38.0154","38.5020","38.7571","37.8279","","-1.31%"
"2025-8-13","38.5200","37.9167","38.6573","37.8382","","1.60%"
"2025-8-12","37.9150","37.6227","38.0375","37.4883","","0.81%"
"2025-8-11","37.6091","38.3800","38.4018","37.5444","","-1.93%"
"2025-8-8","38.3500","38.2930","38.5182","37.9748","","0.04%"
"2025-8-7","38.3350","37.8367","38.5255","37.8186","","1.21%"
"2025-8-6","37.8750","37.8177","37.9666","37.6135","","0.04%"
"2025-8-5","37.8600","37.4298","37.9250","37.3064","","1.18%"
"2025-8-4","37.4173","37.0450","37.4987","36.6674","","1.01%"
"2025-8-1","37.0450","36.7418","37.2250","36.3498","","0.76%"
"2025-7-31","36.7650","37.1302","37.2952","36.2119","","-1.04%"
"2025-7-30","37.1500","38.1877","38.2650","36.7819","","-2.79%"
"2025-7-29","38.2150","38.1466","38.3250","37.8983","","0.07%"
"2025-7-28","38.1900","38.0800","38.3550","37.8976","","0.05%"
"2025-7-25","38.1700","39.0342","39.2150","37.9468","","-2.39%"
"2025-7-24","39.1050","39.2857","39.3724","38.6893","","-0.51%"
"2025-7-23","39.3050","39.2612","39.5452","39.0370","","0.00%"
"2025-7-22","39.3050","38.8767","39.3450","38.7067","","0.94%"
"2025-7-21","38.9400","38.1450","39.0950","38.0887","","1.95%"
"2025-7-18","38.1950","38.1450","38.4650","38.0385","","0.14%"
"2025-7-17","38.1400","37.9425","38.1850","37.5302","","0.46%"
"2025-7-16","37.9650","37.6926","38.1066","37.4944","","0.60%"
"2025-7-15","37.7400","38.1795","38.4150","37.5762","","-1.10%"
"2025-7-14","38.1600","38.4239","39.1750","38.0657","","-0.56%"
"2025-7-11","38.3751","37.0016","38.5550","36.9011","","3.56%"
"2025-7-10","37.0550","36.3564","37.1500","36.2847","","1.91%"
"2025-7-9","36.3600","36.7900","36.8150","36.2650","","-1.21%"
"2025-7-8","36.8050","36.7524","36.9200","36.2850","","0.11%"
"2025-7-7","36.7638","36.9547","37.2300","36.1534","","-0.46%"
"2025-7-4","36.9350","36.8437","37.0050","36.6162","","0.24%"
"2025-7-3","36.8482","36.5537","37.1150","36.3354","","0.64%"
"2025-7-2","36.6150","36.0426","36.6250","35.8711","","1.47%"
"2025-7-1","36.0850","36.1044","36.6450","35.7961","","-0.06%"
"2025-6-30","36.1050","35.9749","36.2550","35.4090","","0.28%"
"2025-6-27","36.0050","36.6297","36.7397","35.7961","","-1.75%"
"2025-6-26","36.6450","36.2689","36.8550","36.2269","","0.88%"
"2025-6-25","36.3250","35.9231","36.3470","35.6676","","1.12%"
"2025-6-24","35.9231","36.0996","36.2350","35.2790","","-0.64%"
"2025-6-23","36.1550","36.0551","36.3850","35.8259","","0.41%"
"2025-6-20","36.0070","36.4303","36.4632","35.5050","","-1.06%"
"2025-6-19","36.3945","36.7374","36.8350","36.2000","","-0.99%"
"2025-6-18","36.7570","37.2830","37.3350","36.5249","","-1.41%"
"2025-6-17","37.2837","36.3509","37.2837","36.1389","","2.55%"
"2025-6-16","36.3550","36.3400","36.5566","36.0908","","0.11%"
"2025-6-13","36.3150","36.3576","36.6500","35.9733","","-0.23%"
"2025-6-12","36.4000","36.2546","36.4705","35.4559","","0.41%"
"2025-6-11","36.2500","36.4927","36.6750","36.0216","","-0.92%"
"2025-6-10","36.5850","36.7560","36.8358","36.3071","","-0.47%"
"2025-6-9","36.7564","36.0200","36.9150","35.9083","","2.16%"
"2025-6-6","35.9800","35.6547","36.3491","35.6121","","-0.54%"
"2025-6-5","36.1750","34.9900","36.1750","34.4244","","3.40%"
"2025-6-4","34.9850","34.5900","34.9850","34.1752","","1.33%"
"2025-6-3","34.5250","34.7541","34.7761","33.9643","","-0.83%"
"2025-6-2","34.8150","33.0397","34.8250","32.9515","","5.52%"
"2025-5-30","32.9950","33.3242","33.3707","32.7552","","-1.13%"
"2025-5-29","33.3725","33.0411","33.5256","32.6994","","1.07%"
"2025-5-28","33.0200","33.3349","33.4650","32.9037","","-0.92%"
"2025-5-27","33.3250","33.4722","33.5297","32.7628","","-0.30%"
"2025-5-26","33.4250","33.4800","33.5850","33.2388","","-0.24%"
"2025-5-23","33.5050","33.0467","33.5750","32.8950","","1.22%"
"2025-5-22","33.1025","33.4000","33.7250","32.6050","","-0.90%"
"2025-5-21","33.4025","33.1036","33.5950","32.9184","","0.94%"
"2025-5-20","33.0926","32.3533","33.1650","32.1163","","2.22%"
"2025-5-19","32.3725","32.2900","32.6550","32.2280","","0.27%"
"2025-5-16","32.2850","32.6353","32.6994","31.8600","","-1.27%"
"2025-5-15","32.7000","32.2421","32.7000","31.6397","","1.44%"
"2025-5-14","32.2350","32.9338","32.9850","32.0753","","-2.07%"
"2025-5-13","32.9150","32.6098","33.2507","32.5078","","0.94%"
"2025-5-12","32.6088","32.3765","33.0350","31.8785","","-0.35%"
"2025-5-9","32.7227","32.4561","32.9150","32.2200","","0.64%"
"2025-5-8","32.5150","32.4933","32.9600","32.2145","","0.06%"
"2025-5-7","32.4950","33.2339","33.2697","32.2364","","-2.31%"
"2025-5-6","33.2650","32.5015","33.2850","32.4350","","2.28%"
"2025-5-5","32.5250","32.0571","32.6857","31.9390","","1.62%"
"2025-5-2","32.0050","32.3807","32.7450","31.9288","","-1.31%"
"2025-5-1","32.4300","32.6455","32.7265","31.6586","","-0.58%"
"2025-4-30","32.6200","32.9158","33.1252","32.1769","","-1.12%"
"2025-4-29","32.9900","33.1618","33.5550","32.7948","","-0.62%"
"2025-4-28","33.1950","33.0900","33.2250","32.6506","","0.27%"
"2025-4-25","33.1050","33.5761","33.7160","32.7709","","-1.42%"
"2025-4-24","33.5829","33.5762","33.6955","33.1656","","0.04%"
"2025-4-23","33.5682","32.3633","33.6950","32.0917","","3.14%"
"2025-4-22","32.5450","32.6556","33.1668","32.2854","","-0.49%"
"2025-4-21","32.7050","32.6025","33.0750","32.4150","","0.35%"
"2025-4-17","32.5900","32.7921","32.9436","32.0825","","-0.47%"
"2025-4-16","32.7451","32.3426","33.1200","32.2633","","1.38%"
"2025-4-15","32.3000","32.3138","32.4168","32.0825","","-0.14%"
"2025-4-14","32.3450","32.3300","32.4150","31.7339","","0.28%"
"2025-4-11","32.2540","31.2175","32.3157","30.9162","","3.39%"
"2025-4-10","31.1960","31.0092","31.3350","30.5658","","0.53%"
"2025-4-9","31.0300","29.8174","31.0650","29.3303","","3.99%"
"2025-4-8","29.8400","30.1100","30.5474","29.6210","","-0.93%"
"2025-4-7","30.1200","29.5850","30.8350","28.1583","","1.91%"
"2025-4-4","29.5550","31.8390","31.9982","29.1900","","-7.26%"
"2025-4-3","31.8700","33.8716","33.9850","31.7130","","-6.35%"
"2025-4-2","34.0300","33.7457","34.1802","33.5988","","0.87%"
"2025-4-1","33.7350","34.1021","34.2350","33.4576","","-0.98%"
"2025-3-31","34.0700","34.1538","34.5050","33.4940","","-0.12%"
"2025-3-28","34.1100","34.3910","34.5999","33.9168","","-0.86%"
"2025-3-27","34.4050","33.6375","34.4950","33.5900","","2.06%"
"2025-3-26","33.7100","33.7264","33.9464","33.4987","","-0.10%"
"2025-3-25","33.7450","32.9750","33.8250","32.9133","","2.28%"
"2025-3-24","32.9930","33.0550","33.3250","32.8790","","-0.13%"
"2025-3-21","33.0350","33.5798","33.6139","32.6585","","-1.54%"
"2025-3-20","33.5500","33.8125","33.9650","33.0888","","-0.75%"
"2025-3-19","33.8050","34.0276","34.1250","33.4450","","-0.65%"
"2025-3-18","34.0250","33.8701","34.2470","33.7376","","0.55%"
"2025-3-17","33.8400","33.8827","33.9218","33.4185","","0.18%"
"2025-3-14","33.7800","33.8130","34.1050","33.5174","","-0.06%"
"2025-3-13","33.8000","33.2530","33.9718","32.9341","","1.72%"
"2025-3-12","33.2300","32.9900","33.3386","32.6984","","0.91%"
"2025-3-11","32.9300","32.1197","33.0150","31.8050","","2.55%"
"2025-3-10","32.1100","32.5350","32.6804","31.9244","","-1.28%"
"2025-3-7","32.5274","32.6273","32.7250","32.0966","","-0.29%"
"2025-3-6","32.6231","32.6274","32.7850","32.2564","","0.00%"
"2025-3-5","32.6237","31.9847","32.7450","31.7605","","2.01%"
"2025-3-4","31.9794","31.6895","32.0332","31.4592","","0.93%"
"2025-3-3","31.6841","31.1519","31.8585","31.1143","","1.71%"
"2025-2-28","31.1524","31.2776","31.4250","30.8064","","-0.31%"
"2025-2-27","31.2501","31.8659","31.9700","31.1666","","-1.85%"
"2025-2-26","31.8397","31.7446","31.9850","31.4876","","0.35%"
"2025-2-25","31.7275","32.3510","32.5150","31.2798","","-1.92%"
"2025-2-24","32.3474","32.4905","32.7950","32.0785","","-0.58%"
"2025-2-21","32.5377","32.9334","33.0961","32.4970","","-1.16%"
"2025-2-20","32.9203","32.7223","33.2450","32.6207","","0.62%"
"2025-2-19","32.7187","32.8748","33.1150","32.4330","","-0.46%"
"2025-2-18","32.8691","32.3112","32.9250","32.0689","","0.24%"
"2025-2-17","32.7900","32.1625","32.8150","31.9082","","2.03%"
"2025-2-14","32.1367","32.3650","33.4350","32.0634","","-0.69%"
"2025-2-13","32.3595","32.2222","32.4606","31.9846","","0.44%"
"2025-2-12","32.2188","31.8276","32.4050","31.5091","","1.24%"
"2025-2-11","31.8245","32.0670","32.2669","31.2340","","-0.68%"
"2025-2-10","32.0410","31.8178","32.3519","31.6555","","0.71%"
"2025-2-7","31.8160","32.2313","32.6704","31.7775","","-1.20%"
"2025-2-6","32.2013","32.3166","32.4500","31.7315","","-0.34%"
"2025-2-5","32.3116","32.0974","32.5850","31.9388","","0.68%"
"2025-2-4","32.0937","31.5686","32.4050","31.3391","","1.72%"
"2025-2-3","31.5522","31.3793","31.7200","30.6570","","0.79%"
"2025-1-31","31.3037","31.6745","31.7371","31.1407","","-1.15%"
"2025-1-30","31.6675","30.8236","31.7496","30.7841","","2.76%"
"2025-1-29","30.8165","30.4083","31.0032","30.2773","","1.40%"
"2025-1-28","30.3916","30.2300","30.5066","29.8771","","0.65%"
"2025-1-27","30.1968","30.5031","30.6500","29.6930","","-1.34%"
"2025-1-24","30.6054","30.4450","31.0550","30.3869","","0.54%"
"2025-1-23","30.4423","30.8112","31.0050","30.0659","","-1.15%"
"2025-1-22","30.7962","30.8619","31.0060","30.5541","","-0.20%"
"2025-1-21","30.8584","30.5872","30.8719","30.1753","","1.21%"
"2025-1-20","30.4900","30.3795","30.6534","29.9777","","0.50%"
"2025-1-17","30.3372","30.8098","30.8591","30.1117","","-1.44%"
"2025-1-16","30.7790","30.6630","30.9843","30.5150","","0.39%"
"2025-1-15","30.6598","29.8971","30.7799","29.7323","","2.56%"
"2025-1-14","29.8944","29.6141","29.9864","29.5100","","0.99%"
"2025-1-13","29.6019","30.4260","30.5312","29.4970","","-2.63%"
"2025-1-10","30.4015","30.1317","30.7007","29.9513","","0.92%"
"2025-1-9","30.1239","30.1195","30.4494","29.9905","","0.02%"
"2025-1-8","30.1165","30.0458","30.3750","29.8040","","0.35%"
"2025-1-7","30.0100","29.9523","30.4079","29.8726","","0.21%"
"2025-1-6","29.9475","29.6240","30.3669","29.3965","","1.11%"
"2025-1-3","29.6189","29.5741","29.9250","29.4851","","0.16%"
"2025-1-2","29.5711","28.9215","29.6078","28.8689","","2.41%"
"2024-12-31","28.8738","28.9466","29.0481","28.7683","","-0.24%"
"2024-12-30","28.9443","29.3750","29.5550","28.7874","","-1.45%"
"2024-12-27","29.3695","29.8005","29.9250","29.3200","","-1.43%"
"2024-12-26","29.7959","29.6650","29.8950","29.4884","","0.63%"
"2024-12-24","29.6100","29.6490","29.8150","29.4592","","-0.12%"
"2024-12-23","29.6470","29.6227","29.9050","29.4115","","0.45%"
"2024-12-20","29.5138","29.0484","29.7350","28.7882","","1.69%"
"2024-12-19","29.0228","29.3684","29.7450","28.7376","","-1.15%"
"2024-12-18","29.3607","30.5399","30.5968","29.2997","","-3.85%"
"2024-12-17","30.5348","30.5257","30.6350","30.1436","","0.04%"
"2024-12-16","30.5233","30.5480","30.7700","30.4566","","-0.14%"
"2024-12-13","30.5650","30.9641","31.1269","30.2792","","-1.28%"
"2024-12-12","30.9613","31.9049","32.3831","30.8629","","-2.95%"
"2024-12-11","31.9019","31.9025","32.2077","31.4394","","0.01%"
"2024-12-10","31.9000","31.8116","32.1143","31.6956","","0.28%"
"2024-12-9","31.8100","30.9835","32.3150","30.8566","","2.69%"
"2024-12-6","30.9773","31.3418","31.4850","30.8167","","-1.15%"
"2024-12-5","31.3386","31.2903","31.4398","31.0050","","0.16%"
"2024-12-4","31.2877","31.0277","31.4950","30.4350","","0.85%"
"2024-12-3","31.0254","30.5046","31.1064","30.4538","","1.72%"
"2024-12-2","30.5021","30.6515","30.6871","30.0458","","-0.32%"
"2024-11-29","30.6000","30.1907","30.8948","30.1763","","1.12%"
"2024-11-28","30.2600","30.0826","30.3250","29.6343","","0.61%"
"2024-11-27","30.0753","30.4400","30.7253","29.9632","","-1.13%"
"2024-11-26","30.4200","30.2959","30.7104","29.9750","","0.42%"
"2024-11-25","30.2931","31.3150","31.4850","30.0602","","-3.25%"
"2024-11-22","31.3114","30.7874","31.4263","30.7272","","1.71%"
"2024-11-21","30.7846","30.8647","31.3274","30.6348","","-0.25%"
"2024-11-20","30.8614","31.2160","31.3470","30.7650","","-1.13%"
"2024-11-19","31.2136","31.1636","31.5501","31.0396","","0.17%"
"2024-11-18","31.1621","30.3267","31.2950","30.2575","","3.14%"
"2024-11-15","30.2130","30.4650","30.8302","30.1665","","-0.81%"
"2024-11-14","30.4600","30.3337","30.6950","29.6650","","0.43%"
"2024-11-13","30.3303","30.7127","31.1650","30.2764","","-1.23%"
"2024-11-12","30.7078","30.6957","30.8550","30.1791","","0.09%"
"2024-11-11","30.6800","31.3277","31.5950","30.4142","","-1.95%"
"2024-11-8","31.2900","32.0029","32.0811","31.1786","","-2.21%"
"2024-11-7","31.9973","31.1682","32.1655","30.8650","","2.67%"
"2024-11-6","31.1647","32.6624","32.7423","30.8248","","-4.58%"
"2024-11-5","32.6599","32.4593","32.9550","32.2400","","0.63%"
"2024-11-4","32.4569","32.4435","32.8999","32.2803","","0.10%"
"2024-11-1","32.4250","32.6180","33.1400","32.3245","","-0.69%"
"2024-10-31","32.6500","33.8236","33.9350","32.5013","","-3.40%"
"2024-10-30","33.8000","34.4337","34.5365","33.4035","","-1.88%"
"2024-10-29","34.4462","33.6827","34.5750","33.5990","","2.23%"
"2024-10-28","33.6950","33.6740","34.0150","33.2223","","-0.01%"
"2024-10-25","33.7000","33.6613","34.0365","33.0766","","-0.01%"
"2024-10-24","33.7050","33.7355","34.3250","33.2347","","-0.06%"
"2024-10-23","33.7250","34.8749","34.8873","33.4300","","-3.17%"
"2024-10-22","34.8300","33.7928","34.8950","33.7722","","3.17%"
"2024-10-21","33.7600","33.7052","34.3050","33.4549","","0.31%"
"2024-10-18","33.6550","31.6878","33.7799","31.6557","","6.18%"
"2024-10-17","31.6950","31.6905","32.0291","31.3043","","0.08%"
"2024-10-16","31.6700","31.5129","32.2050","31.4039","","0.64%"
"2024-10-15","31.4700","31.1585","31.7050","30.7526","","0.96%"
"2024-10-14","31.1700","31.5350","31.5950","30.8963","","-1.13%"
"2024-10-11","31.5272","31.1470","31.6558","31.0520","","1.08%"
"2024-10-10","31.1900","30.4917","31.2150","30.3638","","2.23%"
"2024-10-9","30.5100","30.6847","30.8150","30.2124","","-0.62%"
"2024-10-8","30.7000","31.6897","31.7950","30.1143","","-3.22%"
"2024-10-7","31.7200","32.2073","32.3493","31.4049","","-1.40%"
"2024-10-4","32.1700","32.0873","32.9715","31.4996","","0.37%"
"2024-10-3","32.0500","31.8704","32.2306","31.4049","","0.58%"
"2024-10-2","31.8650","31.4419","32.3350","30.9914","","1.45%"
"2024-10-1","31.4100","31.1250","31.9066","31.1103","","0.83%"
"2024-9-30","31.1500","31.6695","31.8678","30.8790","","-1.49%"
"2024-9-27","31.6200","32.0137","32.3450","31.3638","","-1.26%"
"2024-9-26","32.0250","31.7940","32.7350","31.7358","","0.57%"
"2024-9-25","31.8450","32.1340","32.2897","31.5618","","-0.89%"
"2024-9-24","32.1300","30.7077","32.2874","30.6423","","4.76%"
"2024-9-23","30.6700","31.2321","31.2943","30.3481","","-1.42%"
"2024-9-20","31.1125","30.7833","31.4550","30.7232","","1.06%"
"2024-9-19","30.7850","30.1014","31.3250","29.8967","","2.41%"
"2024-9-18","30.0600","30.7490","31.2750","29.6985","","-2.20%"
"2024-9-17","30.7350","30.7940","31.0150","30.5050","","-0.08%"
"2024-9-16","30.7600","30.6750","31.1171","30.5875","","0.33%"
"2024-9-13","30.6575","29.9057","30.9393","29.8435","","2.50%"
"2024-9-12","29.9100","28.7070","29.9572","28.5238","","4.27%"
"2024-9-11","28.6850","28.3852","28.8876","28.0669","","1.07%"
"2024-9-10","28.3800","28.3252","28.5850","28.0248","","0.11%"
"2024-9-9","28.3500","27.9450","28.3950","27.6956","","1.54%"
"2024-9-6","27.9200","28.8169","29.1308","27.6758","","-3.10%"
"2024-9-5","28.8131","28.3050","29.1999","28.1667","","1.87%"
"2024-9-4","28.2850","28.0350","28.3850","27.7631","","0.84%"
"2024-9-3","28.0500","28.5543","28.5850","27.7026","","-1.58%"
"2024-9-2","28.5000","28.8489","28.9836","28.3204","","-1.20%"
"2024-8-30","28.8447","29.3480","29.6084","28.6841","","-2.02%"
"2024-8-29","29.4400","29.1197","29.7150","29.1063","","1.13%"
"2024-8-28","29.1100","29.9312","30.1158","29.0721","","-2.93%"
"2024-8-27","29.9900","29.9350","30.1150","29.7025","","0.30%"
"2024-8-26","29.9000","29.8578","30.2090","29.6431","","0.28%"
"2024-8-23","29.8175","29.0245","29.9150","28.9396","","2.87%"
"2024-8-22","28.9850","29.5775","29.7150","28.7782","","-2.16%"
"2024-8-21","29.6250","29.4117","29.7750","29.2100","","0.68%"
"2024-8-20","29.4254","29.4290","29.9888","29.1956","","-0.17%"
"2024-8-19","29.4750","29.0517","29.5035","28.7214","","1.61%"
"2024-8-16","29.0075","28.4150","29.0550","28.0347","","2.18%"
"2024-8-15","28.3900","27.5420","28.5450","27.4336","","2.90%"
"2024-8-14","27.5900","27.8850","28.0457","27.1725","","-0.89%"
"2024-8-13","27.8387","27.9500","28.0750","27.4499","","-0.61%"
"2024-8-12","28.0100","27.4650","28.0706","27.2213","","2.07%"
"2024-8-9","27.4417","27.5735","27.7684","27.2500","","-0.45%"
"2024-8-8","27.5650","26.6003","27.6218","26.4345","","3.63%"
"2024-8-7","26.6003","26.9706","27.2771","26.5683","","-1.63%"
"2024-8-6","27.0400","27.2403","27.5716","26.6045","","-0.86%"
"2024-8-5","27.2750","28.5950","28.6851","26.4988","","-4.45%"
"2024-8-2","28.5450","28.5150","29.2400","27.9412","","-0.02%"
"2024-8-1","28.5500","29.0225","29.1677","28.2100","","-1.69%"
"2024-7-31","29.0400","28.3888","29.0650","28.2348","","2.29%"
"2024-7-30","28.3900","27.8918","28.4352","27.6208","","1.90%"
"2024-7-29","27.8600","27.9210","28.2155","27.3100","","-0.11%"
"2024-7-26","27.8900","27.8450","28.0891","27.5797","","-0.28%"
"2024-7-25","27.9688","28.9022","28.9650","27.4069","","-3.52%"
"2024-7-24","28.9900","29.2372","29.4741","28.8846","","-0.79%"
"2024-7-23","29.2200","29.2250","29.3450","28.6594","","0.07%"
"2024-7-22","29.2000","29.2200","29.4490","28.7371","","-0.21%"
"2024-7-19","29.2600","29.7550","29.8950","28.8650","","-4.69%"
"2024-7-18","30.7000","30.3010","30.6350","29.7348","","1.34%"
"2024-7-17","30.2935","31.4038","31.4450","30.0438","","-3.46%"
"2024-7-16","31.3800","30.6820","31.4200","30.4802","","1.19%"
"2024-7-15","31.0100","30.8160","31.1087","30.5194","","0.78%"
"2024-7-12","30.7700","31.4670","31.4673","30.3764","","-2.12%"
"2024-7-11","31.4350","30.7930","31.7568","30.7930","","2.04%"
"2024-7-10","30.8080","30.7890","31.1761","30.6437","","0.06%"
"2024-7-9","30.7900","30.7425","31.1612","30.5100","","0.00%"
"2024-7-8","30.7900","31.1750","31.3755","30.4289","","-1.35%"
"2024-7-5","31.2129","30.3950","31.4972","30.1671","","2.67%"
"2024-7-4","30.4000","30.4848","30.5934","30.2001","","-0.23%"
"2024-7-3","30.4700","29.5302","30.6758","29.4704","","3.25%"
"2024-7-2","29.5100","29.4305","29.8350","29.1999","","0.24%"
"2024-7-1","29.4400","29.1347","29.4900","28.9587","","1.07%"
"2024-6-28","29.1276","28.9775","29.6310","28.7649","","0.23%"
"2024-6-27","29.0600","28.8040","29.2596","28.6729","","1.05%"
"2024-6-26","28.7573","28.9475","29.0798","28.5634","","-0.55%"
"2024-6-25","28.9150","29.5736","29.6725","28.8340","","-2.43%"
"2024-6-24","29.6350","29.5353","29.7372","29.3351","","0.39%"
"2024-6-21","29.5200","30.7341","30.8571","29.4610","","-3.87%"
"2024-6-20","30.7100","29.7650","30.8038","29.7418","","3.20%"
"2024-6-19","29.7572","29.5350","29.8020","29.3440","","0.80%"
"2024-6-18","29.5200","29.4531","29.6891","28.9219","","0.08%"
"2024-6-17","29.4950","29.5726","29.6004","29.0214","","-0.15%"
"2024-6-14","29.5400","28.9455","29.5944","28.8283","","1.86%"
"2024-6-13","29.0000","29.7392","29.7572","28.6500","","-2.36%"
"2024-6-12","29.7000","29.2530","30.2654","29.1789","","1.50%"
"2024-6-11","29.2600","29.7865","29.8874","29.0294","","-1.71%"
"2024-6-10","29.7700","29.1580","29.8310","29.1196","","2.04%"
"2024-6-7","29.1750","31.3348","31.5511","29.1100","","-6.79%"
"2024-6-6","31.3000","29.9820","31.3708","29.9589","","4.30%"
"2024-6-5","30.0100","29.5131","30.0592","29.3888","","1.80%"
"2024-6-4","29.4800","30.7465","30.8922","29.3731","","-4.16%"
"2024-6-3","30.7600","30.4340","30.8111","29.7738","","1.27%"
"2024-5-31","30.3750","31.1625","31.7815","30.1832","","-2.58%"
"2024-5-30","31.1800","31.9800","32.1065","31.0023","","-2.43%"
"2024-5-29","31.9555","32.1190","32.3110","31.6038","","-0.48%"
"2024-5-28","32.1100","31.6401","32.2509","31.2450","","1.36%"
"2024-5-27","31.6800","30.3795","31.8687","30.3553","","4.42%"
"2024-5-24","30.3390","30.1411","30.6300","30.0393","","0.78%"
"2024-5-23","30.1050","30.7744","30.9940","30.0590","","-2.14%"
"2024-5-22","30.7643","31.9762","32.2099","30.7500","","-3.74%"
"2024-5-21","31.9600","31.8050","32.5098","31.0650","","0.42%"
"2024-5-20","31.8250","31.5525","32.5146","30.9450","","1.06%"
"2024-5-17","31.4900","29.5695","31.6021","29.4546","","6.37%"
"2024-5-16","29.6050","29.6615","29.8536","29.3233","","-0.32%"
"2024-5-15","29.7000","28.5950","29.7509","28.4305","","3.88%"
"2024-5-14","28.5900","28.1775","28.7500","28.0850","","1.42%"
"2024-5-13","28.1900","28.2148","28.3923","27.9617","","0.15%"
"2024-5-10","28.1475","28.3550","28.7798","28.0348","","-0.66%"
"2024-5-9","28.3350","27.2900","28.3636","27.2766","","3.64%"
"2024-5-8","27.3400","27.2937","27.4918","27.0016","","0.40%"
"2024-5-7","27.2300","27.4326","27.5300","27.1537","","-0.82%"
"2024-5-6","27.4550","26.5940","27.4991","26.4242","","3.45%"
"2024-5-3","26.5400","26.6780","26.8873","26.1152","","-0.58%"
"2024-5-2","26.6950","26.6760","26.8300","26.0100","","0.21%"
"2024-5-1","26.6400","26.2930","26.9722","26.2495","","1.37%"
"2024-4-30","26.2800","27.1492","27.2840","26.2344","","-3.10%"
"2024-4-29","27.1200","27.1940","27.4471","26.9450","","-0.17%"
"2024-4-26","27.1650","27.3722","27.7443","27.0798","","-0.98%"
"2024-4-25","27.4346","27.1630","27.5779","26.9741","","0.96%"
"2024-4-24","27.1750","27.2985","27.4962","27.0300","","-0.38%"
"2024-4-23","27.2800","27.2297","27.3900","26.6612","","0.33%"
"2024-4-22","27.1900","28.7300","28.7400","27.1042","","-5.11%"
"2024-4-19","28.6533","28.2355","28.9500","28.0614","","1.53%"
"2024-4-18","28.2205","28.1950","28.6586","28.1287","","0.02%"
"2024-4-17","28.2150","28.1105","28.8105","28.0629","","0.46%"
"2024-4-16","28.0850","28.8640","29.0281","27.9491","","-2.77%"
"2024-4-15","28.8850","28.1108","28.9127","27.5781","","3.62%"
"2024-4-12","27.8750","28.4172","29.8054","27.8519","","-2.09%"
"2024-4-11","28.4700","27.9400","28.5098","27.7500","","1.79%"
"2024-4-10","27.9700","28.1335","28.5300","27.5300","","-0.67%"
"2024-4-9","28.1593","27.8522","28.3302","27.6141","","1.16%"
"2024-4-8","27.8372","27.4775","28.0917","26.8547","","1.30%"
"2024-4-5","27.4800","26.9514","27.5115","26.2743","","2.00%"
"2024-4-4","26.9400","27.1750","27.3345","26.6809","","-1.01%"
"2024-4-3","27.2150","26.1476","27.2400","26.1036","","4.23%"
"2024-4-2","26.1100","25.1250","26.1808","25.0686","","4.09%"
"2024-4-1","25.0850","25.0000","25.3914","24.7396","","0.45%"
"2024-3-28","24.9738","24.6394","25.0140","24.3815","","1.25%"
"2024-3-27","24.6650","24.4420","24.6900","24.3186","","0.96%"
"2024-3-26","24.4300","24.6855","24.9014","24.3618","","-1.01%"
"2024-3-25","24.6791","24.6940","24.9008","24.5466","","0.06%"
"2024-3-22","24.6632","24.7228","24.9543","24.3951","","-0.41%"
"2024-3-21","24.7650","25.6075","25.7869","24.6300","","-3.32%"
"2024-3-20","25.6150","24.9084","25.6511","24.7370","","2.81%"
"2024-3-19","24.9150","25.0484","25.1658","24.7290","","-0.48%"
"2024-3-18","25.0350","25.1940","25.3342","24.9396","","-0.51%"
"2024-3-15","25.1624","24.8247","25.4506","24.7921","","1.38%"
"2024-3-14","24.8200","25.0008","25.1681","24.7372","","-0.88%"
"2024-3-13","25.0400","24.1950","25.0650","24.0657","","3.60%"
"2024-3-12","24.1700","24.3948","24.6900","24.0028","","-1.02%"
"2024-3-11","24.4200","24.3645","24.5356","24.2294","","0.47%"
"2024-3-8","24.3065","24.3197","24.6441","24.1646","","-0.04%"
"2024-3-7","24.3166","24.1639","24.5155","24.0005","","0.64%"
"2024-3-6","24.1617","23.6806","24.3158","23.5638","","2.04%"
"2024-3-5","23.6782","23.8969","24.2318","23.6194","","-0.82%"
"2024-3-4","23.8737","23.1650","23.9543","23.0092","","3.14%"
"2024-3-1","23.1476","22.6691","23.2803","22.4972","","2.12%"
"2024-2-29","22.6677","22.4633","22.8001","22.3020","","0.92%"
"2024-2-28","22.4608","22.4546","22.5424","22.2645","","0.13%"
"2024-2-27","22.4306","22.5161","22.7264","22.4195","","-0.37%"
"2024-2-26","22.5141","22.9585","22.9592","22.4370","","-1.87%"
"2024-2-23","22.9428","22.7542","23.0138","22.5513","","0.84%"
"2024-2-22","22.7525","22.8743","23.1753","22.7277","","-0.52%"
"2024-2-21","22.8725","22.9893","23.1929","22.7500","","-0.40%"
"2024-2-20","22.9642","22.9900","23.1998","22.9098","","0.02%"
"2024-2-19","22.9600","23.4065","23.4621","22.9250","","-1.89%"
"2024-2-16","23.4014","22.9790","23.5150","22.7813","","2.19%"
"2024-2-15","22.9005","22.3723","23.0516","22.3419","","2.37%"
"2024-2-14","22.3698","22.1001","22.4736","21.9277","","1.34%"
"2024-2-13","22.0740","22.6926","22.9506","21.9754","","-2.72%"
"2024-2-12","22.6906","22.5985","23.0878","22.5098","","0.38%"
"2024-2-9","22.6047","22.5782","22.7351","22.3508","","0.13%"
"2024-2-8","22.5762","22.2076","22.6480","22.1334","","1.77%"
"2024-2-7","22.1846","22.4262","22.4750","22.1947","","-0.96%"
"2024-2-6","22.4007","22.3608","22.4979","22.2521","","0.19%"
"2024-2-5","22.3575","22.7104","22.7437","22.2371","","-1.38%"
"2024-2-2","22.6715","23.1751","23.2617","22.3992","","-2.07%"
"2024-2-1","23.1509","22.9179","23.2670","22.5030","","1.03%"
"2024-1-31","22.9156","23.1654","23.3357","22.7711","","-1.07%"
"2024-1-30","23.1636","23.2031","23.3155","22.9299","","-0.05%"
"2024-1-29","23.1760","22.8057","23.2330","22.7610","","1.68%"
"2024-1-26","22.7940","22.9116","22.9950","22.6982","","-0.51%"
"2024-1-25","22.9097","22.6609","23.0304","22.6378","","0.95%"
"2024-1-24","22.6950","22.4352","22.9725","22.3314","","1.17%"
"2024-1-23","22.4333","22.0842","22.4683","22.0476","","1.59%"
"2024-1-22","22.0822","22.6402","22.6744","21.9209","","-2.20%"
"2024-1-19","22.5800","22.7461","22.8608","22.4538","","-0.72%"
"2024-1-18","22.7442","22.5506","22.7757","22.4167","","0.96%"
"2024-1-17","22.5275","22.9115","23.0600","22.5005","","-1.67%"
"2024-1-16","22.9094","23.2175","23.2416","22.8477","","-1.25%"
"2024-1-15","23.2000","23.1849","23.3460","23.1000","","0.14%"
"2024-1-12","23.1672","22.7540","23.5448","22.7290","","1.82%"
"2024-1-11","22.7520","22.8797","23.2090","22.4680","","-0.45%"
"2024-1-10","22.8554","22.9705","23.1179","22.7650","","-0.40%"
"2024-1-9","22.9482","23.1100","23.3866","22.8846","","-0.59%"
"2024-1-8","23.0846","23.1200","23.2206","22.8354","","-0.33%"
"2024-1-5","23.1613","23.0050","23.5194","22.7700","","0.75%"
"2024-1-4","22.9899","22.9872","23.0777","22.6850","","0.12%"
"2024-1-3","22.9634","23.6700","23.7380","22.8277","","-2.88%"
"2024-1-2","23.6440","23.8096","24.1075","23.6394","","-0.73%"
"2024-1-1","23.8185","23.8370","23.8585","23.8045","","0.25%"
"2023-12-29","23.7600","23.9700","24.0450","23.5200","","-0.72%"
"2023-12-28","23.9334","24.2650","24.4939","23.9850","","-1.30%"
"2023-12-27","24.2498","24.2100","24.4733","23.9381","","0.22%"
"2023-12-26","24.1958","24.2311","24.4450","24.0638","","-0.17%"
"2023-12-25","24.2365","24.2015","24.2525","24.2000","","0.29%"
"2023-12-22","24.1674","24.4035","24.6117","24.0834","","-0.88%"
"2023-12-21","24.3808","24.1331","24.4989","24.1175","","1.04%"
"2023-12-20","24.1304","24.0498","24.4450","23.9450","","0.44%"
"2023-12-19","24.0253","23.8023","24.1807","23.7617","","1.04%"
"2023-12-18","23.7771","23.8465","24.0700","23.6591","","-0.21%"
"2023-12-15","23.8282","24.1650","24.3000","23.7474","","-1.29%"
"2023-12-14","24.1400","23.7700","24.2218","23.7550","","1.65%"
"2023-12-13","23.7471","22.7650","23.8151","22.5000","","4.38%"
"2023-12-12","22.7499","22.8181","23.1500","22.6827","","-0.19%"
"2023-12-11","22.7928","23.0450","23.1100","22.7185","","-0.76%"
"2023-12-8","22.9670","23.8085","23.9004","22.9389","","-3.43%"
"2023-12-7","23.7825","23.8994","24.0350","23.5784","","-0.38%"
"2023-12-6","23.8738","24.1492","24.3800","23.8650","","-1.04%"
"2023-12-5","24.1243","24.5200","24.6411","23.9625","","-1.49%"
"2023-12-4","24.4888","25.4450","25.8829","24.4100","","-3.66%"
"2023-12-1","25.4200","25.2700","25.5260","25.0800","","0.68%"
"2023-11-30","25.2487","25.0270","25.2969","24.9244","","0.95%"
"2023-11-29","25.0100","25.0400","25.2628","24.8450","","0.03%"
"2023-11-28","25.0037","24.6450","25.0371","24.5401","","1.57%"
"2023-11-27","24.6182","24.2958","24.8859","24.2607","","1.31%"
"2023-11-24","24.3000","23.6965","24.3500","23.5490","","2.70%"
"2023-11-23","23.6600","23.6450","23.8350","23.5787","","0.17%"
"2023-11-22","23.6200","23.7450","23.9850","23.5324","","-0.46%"
"2023-11-21","23.7297","23.4336","24.0450","23.4144","","1.41%"
"2023-11-20","23.4000","23.7550","23.8550","23.2354","","-1.39%"
"2023-11-17","23.7300","23.7211","24.1950","23.6559","","0.03%"
"2023-11-16","23.7225","23.4347","24.1250","23.2660","","1.27%"
"2023-11-15","23.4259","23.0858","23.6450","23.0175","","1.48%"
"2023-11-14","23.0844","22.3250","23.2250","22.2845","","3.49%"
"2023-11-13","22.3050","22.2350","22.4050","21.8650","","0.39%"
"2023-11-10","22.2177","22.6313","22.7950","22.1819","","-1.78%"
"2023-11-9","22.6200","22.5421","23.0450","22.3526","","0.40%"
"2023-11-8","22.5300","22.6118","22.8669","22.2871","","-0.29%"
"2023-11-7","22.5965","23.0313","23.1950","22.4214","","-1.88%"
"2023-11-6","23.0293","23.2250","23.2919","22.9842","","-0.74%"
"2023-11-3","23.2000","22.7750","23.3202","22.5807","","1.98%"
"2023-11-2","22.7500","22.9395","23.1550","22.6450","","-1.04%"
"2023-11-1","22.9900","22.9601","23.0450","22.5280","","0.39%"
"2023-10-31","22.9000","23.2867","23.3650","22.7251","","-1.75%"
"2023-10-30","23.3075","23.1162","23.6350","23.0196","","0.72%"
"2023-10-27","23.1400","22.7605","23.1800","22.6469","","1.36%"
"2023-10-26","22.8300","22.8449","23.1521","22.4359","","-0.26%"
"2023-10-25","22.8900","22.9132","23.0315","22.5500","","-0.17%"
"2023-10-24","22.9300","22.9582","23.2232","22.6593","","-0.22%"
"2023-10-23","22.9800","22.9865","23.3507","22.9076","","-1.58%"
"2023-10-20","23.3500","23.0242","23.7100","22.8682","","1.35%"
"2023-10-19","23.0400","22.8255","23.0956","22.6313","","0.74%"
"2023-10-18","22.8700","22.8190","23.3300","22.6791","","0.20%"
"2023-10-17","22.8250","22.6437","23.0100","22.3617","","1.00%"
"2023-10-16","22.6000","22.7500","22.7500","22.4650","","-0.44%"
"2023-10-13","22.7000","21.8440","22.8277","21.8019","","3.94%"
"2023-10-12","21.8400","22.0476","22.2600","21.7488","","-1.00%"
"2023-10-11","22.0600","21.8427","22.1332","21.7873","","1.15%"
"2023-10-10","21.8100","21.8460","21.9707","21.6239","","-0.37%"
"2023-10-9","21.8900","21.6150","22.0165","21.5667","","1.39%"
"2023-10-6","21.5900","20.9221","21.6568","20.8000","","3.30%"
"2023-10-5","20.9000","21.0261","21.3140","20.7026","","-0.29%"
"2023-10-4","20.9600","21.1385","21.4063","20.6842","","-0.90%"
"2023-10-3","21.1500","21.0926","21.3959","20.6802","","0.38%"
"2023-10-2","21.0700","22.1827","22.2012","21.0144","","-4.92%"
"2023-9-29","22.1600","22.6245","23.5700","22.1058","","-1.95%"
"2023-9-28","22.6000","22.5700","22.7465","22.3885","","0.36%"
"2023-9-27","22.5181","22.8396","22.8887","22.3985","","-1.50%"
"2023-9-26","22.8600","23.1274","23.1584","22.8293","","-1.08%"
"2023-9-25","23.1100","23.5450","23.6628","23.0328","","-1.78%"
"2023-9-22","23.5300","23.4255","23.7860","23.3850","","0.64%"
"2023-9-21","23.3800","23.2824","23.4856","22.8060","","0.60%"
"2023-9-20","23.2400","23.2775","23.6063","23.0429","","0.04%"
"2023-9-19","23.2300","23.2750","23.4308","23.0900","","0.00%"
"2023-9-18","23.2300","23.0652","23.2900","22.9545","","0.96%"
"2023-9-15","23.0084","22.6585","23.2971","22.6160","","1.67%"
"2023-9-14","22.6300","22.8320","22.9876","22.2928","","-0.90%"
"2023-9-13","22.8350","23.1018","23.1055","22.7356","","-1.17%"
"2023-9-12","23.1050","23.0450","23.1970","22.8291","","0.15%"
"2023-9-11","23.0700","22.9170","23.2356","22.8925","","0.70%"
"2023-9-8","22.9090","22.9750","23.1859","22.8498","","-0.17%"
"2023-9-7","22.9475","23.1727","23.2068","22.8284","","-1.02%"
"2023-9-6","23.1850","23.5687","23.6093","22.9967","","-1.47%"
"2023-9-5","23.5306","24.0037","24.0168","23.4687","","-1.83%"
"2023-9-4","23.9700","24.1875","24.3064","23.9505","","-0.80%"
"2023-9-1","24.1632","24.4023","24.8302","24.1494","","-1.11%"
"2023-8-31","24.4350","24.6284","24.6921","24.3622","","-0.87%"
"2023-8-30","24.6500","24.7300","25.0243","24.5214","","-0.32%"
"2023-8-29","24.7300","24.2207","24.8072","24.1585","","1.96%"
"2023-8-28","24.2550","24.2400","24.3710","24.0313","","0.15%"
"2023-8-25","24.2193","24.1577","24.3850","23.9100","","0.35%"
"2023-8-24","24.1350","24.3447","24.3646","24.0500","","-0.77%"
"2023-8-23","24.3230","23.4175","24.3679","23.4025","","3.99%"
"2023-8-22","23.3900","23.3213","23.4716","23.1971","","0.18%"
"2023-8-21","23.3475","22.7250","23.3725","22.6582","","2.84%"
"2023-8-18","22.7037","22.7125","22.8957","22.6200","","0.06%"
"2023-8-17","22.6900","22.4335","23.0149","22.3419","","1.36%"
"2023-8-16","22.3860","22.5450","22.8015","22.3877","","-0.55%"
"2023-8-15","22.5100","22.5915","22.7276","22.2157","","-0.44%"
"2023-8-14","22.6100","22.6998","22.7806","22.3521","","-0.26%"
"2023-8-11","22.6695","22.7191","22.8600","22.5650","","-0.05%"
"2023-8-10","22.6800","22.6865","23.0100","22.6176","","0.04%"
"2023-8-9","22.6700","22.7610","22.9508","22.6152","","-0.40%"
"2023-8-8","22.7600","23.0783","23.2023","22.6494","","-1.68%"
"2023-8-7","23.1500","23.6520","23.6957","23.0561","","-1.91%"
"2023-8-4","23.6000","23.5800","23.8076","23.2983","","0.19%"
"2023-8-3","23.5550","23.7250","23.8522","23.3948","","-0.78%"
"2023-8-2","23.7400","24.3471","24.5100","23.6327","","-2.42%"
"2023-8-1","24.3300","24.7480","24.7803","24.1191","","-1.78%"
"2023-7-31","24.7700","24.3352","24.8600","24.1784","","1.81%"
"2023-7-28","24.3300","24.1277","24.4202","24.1007","","0.81%"
"2023-7-27","24.1355","24.9163","25.1584","24.0283","","-3.14%"
"2023-7-26","24.9169","24.6499","25.0466","24.5094","","0.90%"
"2023-7-25","24.6950","24.3728","24.7347","24.2838","","1.33%"
"2023-7-24","24.3700","24.6200","24.7318","24.2551","","-0.83%"
"2023-7-21","24.5740","24.7933","24.9302","24.5844","","-0.67%"
"2023-7-20","24.7400","25.1507","25.2871","24.7027","","-1.69%"
"2023-7-19","25.1650","25.0630","25.2532","24.9270","","0.34%"
"2023-7-18","25.0800","24.8300","25.1782","24.7610","","0.91%"
"2023-7-17","24.8550","24.9253","24.9552","24.5893","","-0.31%"
"2023-7-14","24.9325","24.8471","25.0361","24.6662","","0.29%"
"2023-7-13","24.8600","24.1550","24.8950","24.0900","","2.99%"
"2023-7-12","24.1375","23.1925","24.1696","23.0939","","4.48%"
"2023-7-11","23.1026","23.1774","23.4089","23.0000","","-0.05%"
"2023-7-10","23.1150","23.0886","23.1724","22.7311","","0.26%"
"2023-7-7","23.0550","22.7253","23.1646","22.5993","","1.39%"
"2023-7-6","22.7400","23.1583","23.2715","22.5220","","-1.58%"
"2023-7-5","23.1050","22.9583","23.3214","22.7511","","0.68%"
"2023-7-4","22.9500","22.9096","23.0774","22.8610","","0.29%"
"2023-7-3","22.8835","22.7785","23.0833","22.6886","","0.58%"
"2023-6-30","22.7521","22.5711","22.8556","22.3333","","0.90%"
"2023-6-29","22.5500","22.7211","22.8941","22.2685","","-0.75%"
"2023-6-28","22.7200","22.8482","22.9818","22.5474","","-0.72%"
"2023-6-27","22.8850","22.7687","23.1105","22.7308","","0.51%"
"2023-6-26","22.7700","22.4450","22.9040","22.3976","","1.58%"
"2023-6-23","22.4155","22.2409","22.6900","22.0993","","0.79%"
"2023-6-22","22.2400","22.6226","22.7383","22.1700","","-1.77%"
"2023-6-21","22.6400","23.2092","23.2125","22.4877","","-2.35%"
"2023-6-20","23.1850","23.9350","24.0410","23.0411","","-3.15%"
"2023-6-19","23.9400","24.1675","24.2001","23.8714","","-0.85%"
"2023-6-16","24.1452","23.8748","24.2197","23.8232","","1.22%"
"2023-6-15","23.8550","23.9443","24.0225","23.2083","","-0.30%"
"2023-6-14","23.9275","23.6275","24.0980","23.6256","","1.05%"
"2023-6-13","23.6800","24.0613","24.4097","23.5872","","-1.54%"
"2023-6-12","24.0500","24.2658","24.3205","23.8600","","-0.89%"
"2023-6-9","24.2665","24.2941","24.5374","24.1889","","0.10%"
"2023-6-8","24.2411","23.4636","24.3708","23.4096","","3.35%"
"2023-6-7","23.4550","23.6194","24.0592","23.3894","","-0.53%"
"2023-6-6","23.5800","23.5550","23.7965","23.3250","","-0.02%"
"2023-6-5","23.5850","23.5944","23.6924","23.2368","","-0.01%"
"2023-6-2","23.5870","23.8785","24.0310","23.5737","","-1.33%"
"2023-6-1","23.9050","23.5455","23.9423","23.2600","","1.82%"
"2023-5-31","23.4775","23.2094","23.6350","23.0900","","1.13%"
"2023-5-30","23.2150","23.1723","23.3600","22.9097","","0.09%"
"2023-5-29","23.1939","23.2500","23.3046","23.1452","","-0.49%"
"2023-5-26","23.3085","22.7351","23.3456","22.6722","","2.36%"
"2023-5-25","22.7700","23.0810","23.1631","22.6896","","-1.36%"
"2023-5-24","23.0850","23.4533","23.5455","23.0163","","-1.45%"
"2023-5-23","23.4250","23.6668","23.6775","23.0963","","-0.99%"
"2023-5-22","23.6600","23.8571","23.9400","23.5905","","-0.70%"
"2023-5-19","23.8260","23.4699","24.0310","23.3846","","1.41%"
"2023-5-18","23.4936","23.6900","23.7915","23.3223","","-0.98%"
"2023-5-17","23.7250","23.7367","23.8927","23.5250","","-0.04%"
"2023-5-16","23.7335","24.1430","24.2200","23.6250","","-1.56%"
"2023-5-15","24.1100","23.9150","24.2218","23.8650","","0.84%"
"2023-5-12","23.9100","24.1504","24.2222","23.7227","","-1.10%"
"2023-5-11","24.1750","25.4813","25.4886","24.1200","","-4.90%"
"2023-5-10","25.4200","25.5982","25.9274","25.2151","","-0.77%"
"2023-5-9","25.6175","25.5243","25.6853","25.3151","","0.19%"
"2023-5-8","25.5700","25.6755","25.7460","25.4946","","-0.31%"
"2023-5-5","25.6500","26.0173","26.1458","25.1604","","-1.59%"
"2023-5-4","26.0650","25.5392","26.0900","25.4298","","1.84%"
"2023-5-3","25.5950","25.3852","25.6244","25.0832","","0.82%"
"2023-5-2","25.3875","24.9602","25.4921","24.5731","","1.67%"
"2023-5-1","24.9700","25.1623","25.9217","24.8759","","-0.26%"
"2023-4-28","25.0363","24.8654","25.0882","24.7247","","0.33%"
"2023-4-27","24.9550","24.8839","25.1486","24.5032","","0.26%"
"2023-4-26","24.8900","24.9555","25.2367","24.7148","","-0.62%"
"2023-4-25","25.0450","25.1165","25.3708","24.4850","","-0.50%"
"2023-4-24","25.1700","25.0671","25.2479","24.7812","","0.55%"
"2023-4-21","25.0315","25.2416","25.3900","24.8879","","-1.02%"
"2023-4-20","25.2900","25.2446","25.5100","25.0443","","0.13%"
"2023-4-19","25.2575","25.2066","25.3864","24.6294","","0.20%"
"2023-4-18","25.2075","25.0700","25.3300","24.9175","","0.41%"
"2023-4-17","25.1050","25.3093","25.6224","24.8034","","-0.93%"
"2023-4-14","25.3400","25.8036","26.1072","25.1397","","-1.77%"
"2023-4-13","25.7975","25.4902","25.9819","25.3806","","1.26%"
"2023-4-12","25.4775","25.1232","25.6848","25.0229","","1.61%"
"2023-4-11","25.0750","24.9144","25.1467","24.8274","","0.72%"
"2023-4-10","24.8950","24.9035","25.0870","24.7125","","-0.44%"
"2023-4-6","25.0050","24.9928","25.0300","24.5553","","0.12%"
"2023-4-5","24.9750","24.9909","25.1450","24.6400","","-0.16%"
"2023-4-4","25.0150","23.9850","25.0400","23.8140","","4.25%"
"2023-4-3","23.9950","24.1300","24.2000","23.5631","","-0.32%"
"2023-3-31","24.0730","23.8221","24.1750","23.6921","","0.83%"
"2023-3-30","23.8750","23.3029","23.9405","23.2274","","2.25%"
"2023-3-29","23.3500","23.2899","23.4286","23.0298","","0.40%"
"2023-3-28","23.2575","23.0900","23.3888","22.8150","","0.70%"
"2023-3-27","23.0950","23.2750","23.3020","22.8421","","-0.55%"
"2023-3-24","23.2224","23.1180","23.5276","22.9564","","0.44%"
"2023-3-23","23.1208","22.9831","23.2300","22.7537","","0.42%"
"2023-3-22","23.0250","22.3836","23.0805","22.2522","","2.91%"
"2023-3-21","22.3750","22.5138","22.6625","22.1494","","-0.64%"
"2023-3-20","22.5200","22.5900","22.7261","22.2176","","-0.31%"
"2023-3-17","22.5900","21.7152","22.6241","21.6532","","4.05%"
"2023-3-16","21.7100","21.7878","22.1028","21.4583","","-0.34%"
"2023-3-15","21.7850","21.6860","22.4009","21.5327","","0.44%"
"2023-3-14","21.6900","21.8026","21.9849","21.4993","","-0.54%"
"2023-3-13","21.8075","20.6995","21.9419","20.5820","","6.33%"
"2023-3-10","20.5100","20.0721","20.8111","19.8923","","2.19%"
"2023-3-9","20.0696","20.0186","20.3027","19.9665","","0.35%"
"2023-3-8","19.9989","20.0814","20.2456","19.9009","","-0.27%"
"2023-3-7","20.0532","21.0429","21.1600","20.0163","","-4.70%"
"2023-3-6","21.0415","21.3078","21.3248","20.9700","","-0.94%"
"2023-3-3","21.2410","20.8990","21.2813","20.8284","","1.69%"
"2023-3-2","20.8890","20.9992","21.0623","20.6581","","-0.51%"
"2023-3-1","20.9959","20.9146","21.1880","20.8201","","0.40%"
"2023-2-28","20.9124","20.6264","21.0163","20.4142","","1.40%"
"2023-2-27","20.6244","20.7959","20.8517","20.5495","","-0.69%"
"2023-2-24","20.7687","21.3228","21.4137","20.7278","","-2.46%"
"2023-2-23","21.2923","21.5054","21.6916","21.2521","","-0.98%"
"2023-2-22","21.5024","21.8291","21.9950","21.4333","","-1.49%"
"2023-2-21","21.8268","21.7775","21.9922","21.6323","","0.41%"
"2023-2-20","21.7387","21.6700","21.9267","21.5431","","0.06%"
"2023-2-17","21.7260","21.6002","21.8224","21.1600","","0.58%"
"2023-2-16","21.6002","21.6395","21.8246","21.4242","","-0.12%"
"2023-2-15","21.6258","21.8594","21.8934","21.4156","","-0.98%"
"2023-2-14","21.8400","21.9719","22.0560","21.5950","","-0.59%"
"2023-2-13","21.9702","22.0032","22.1000","21.7848","","-0.10%"
"2023-2-10","21.9928","21.9781","22.3158","21.8228","","0.08%"
"2023-2-9","21.9758","22.3113","22.6051","21.9046","","-1.49%"
"2023-2-8","22.3091","22.1905","22.5534","22.1286","","0.55%"
"2023-2-7","22.1879","22.2661","22.4800","22.0413","","-0.35%"
"2023-2-6","22.2652","22.3375","22.6291","22.1343","","-0.38%"
"2023-2-3","22.3496","23.4720","23.6150","22.2764","","-4.75%"
"2023-2-2","23.4635","23.9825","24.6472","23.4125","","-2.15%"
"2023-2-1","23.9794","23.7250","24.0473","23.3536","","1.18%"
"2023-1-31","23.6994","23.5924","23.7950","22.9640","","0.46%"
"2023-1-30","23.5902","23.5954","23.8274","23.5280","","0.11%"
"2023-1-27","23.5639","23.9168","24.0450","23.2904","","-1.38%"
"2023-1-26","23.8928","23.9039","24.3166","23.5856","","-0.03%"
"2023-1-25","23.8997","23.6691","23.9596","23.3234","","0.98%"
"2023-1-24","23.6667","23.4545","23.7850","23.2000","","0.92%"
"2023-1-23","23.4515","23.9620","24.1850","22.7500","","-2.07%"
"2023-1-20","23.9481","23.8323","24.0928","23.7013","","0.50%"
"2023-1-19","23.8282","23.4519","23.9561","23.1539","","1.72%"
"2023-1-18","23.4257","23.9216","24.3615","23.4128","","-2.06%"
"2023-1-17","23.9190","24.4046","24.4800","23.8207","","-1.97%"
"2023-1-16","24.3993","24.3047","24.5550","23.9250","","0.62%"
"2023-1-13","24.2498","23.7802","24.3168","23.4800","","2.00%"
"2023-1-12","23.7747","23.4207","24.2010","23.3209","","1.52%"
"2023-1-11","23.4185","23.6105","24.0750","23.2000","","-0.80%"
"2023-1-10","23.6084","23.6299","23.8050","23.4150","","-0.08%"
"2023-1-9","23.6272","23.8613","24.1255","23.5753","","-0.78%"
"2023-1-6","23.8133","23.2450","23.9350","23.1949","","2.57%"
"2023-1-5","23.2159","23.7600","23.9226","23.1101","","-2.19%"
"2023-1-4","23.7355","24.0050","24.4850","23.5850","","-1.03%"
"2023-1-3","23.9830","24.0642","24.5750","23.8785","","-0.03%"
"2023-1-2","23.9900","23.9700","24.0150","23.9650","","0.10%"
"2022-12-30","23.9652","23.8923","24.1750","23.5152","","0.39%"
"2022-12-29","23.8719","23.5289","24.0738","23.5060","","1.56%"
"2022-12-28","23.5044","24.0464","24.1225","23.4522","","-2.25%"
"2022-12-27","24.0442","23.8388","24.3001","23.7726","","0.80%"
"2022-12-26","23.8540","23.9100","23.9640","23.8360","","0.65%"
"2022-12-23","23.7000","23.5522","23.9109","23.4994","","0.56%"
"2022-12-22","23.5672","23.9706","24.1094","23.3600","","-1.67%"
"2022-12-21","23.9678","24.1681","24.3350","23.8127","","-0.82%"
"2022-12-20","24.1650","22.9669","24.2750","22.8661","","5.31%"
"2022-12-19","22.9455","23.2298","23.4350","22.8200","","-1.14%"
"2022-12-16","23.2110","23.0729","23.2603","22.5387","","0.70%"
"2022-12-15","23.0491","23.9190","24.0026","22.9545","","-3.55%"
"2022-12-14","23.8966","23.7306","24.0623","23.3622","","0.71%"
"2022-12-13","23.7274","23.3022","24.1550","23.2815","","1.84%"
"2022-12-12","23.2998","23.4600","23.5508","23.0966","","-0.72%"
"2022-12-9","23.4683","23.0677","23.6990","22.9410","","1.73%"
"2022-12-8","23.0685","22.7274","23.2360","22.5315","","1.51%"
"2022-12-7","22.7245","22.1921","22.8550","22.0749","","2.53%"
"2022-12-6","22.1637","22.2619","22.6350","22.0146","","-0.39%"
"2022-12-5","22.2500","23.1172","23.5450","22.1484","","-3.79%"
"2022-12-2","23.1264","22.7676","23.2650","22.2656","","1.59%"
"2022-12-1","22.7654","22.1982","22.8070","22.0286","","2.57%"
"2022-11-30","22.1948","21.2600","22.2140","21.1826","","4.41%"
"2022-11-29","21.2578","20.9338","21.4676","20.8729","","1.63%"
"2022-11-28","20.9175","21.4048","21.6450","20.8521","","-3.11%"
"2022-11-25","21.5900","21.5063","21.6225","21.1430","","0.37%"
"2022-11-24","21.5100","21.5350","21.7050","21.4412","","-0.02%"
"2022-11-23","21.5144","21.0824","21.6150","20.8983","","2.06%"
"2022-11-22","21.0802","20.8440","21.3650","20.8167","","1.15%"
"2022-11-21","20.8415","20.9534","21.0250","20.5683","","-0.35%"
"2022-11-18","20.9150","20.9478","21.3250","20.8277","","-0.17%"
"2022-11-17","20.9496","21.4785","21.5225","20.7419","","-2.45%"
"2022-11-16","21.4752","21.5651","22.0679","21.3850","","-0.29%"
"2022-11-15","21.5371","21.9856","22.2850","21.3749","","-1.95%"
"2022-11-14","21.9647","21.7000","22.1150","21.2850","","1.31%"
"2022-11-11","21.6813","21.6800","22.0750","21.2744","","0.07%"
"2022-11-10","21.6654","21.0400","21.8450","20.9471","","3.13%"
"2022-11-9","21.0070","21.3650","21.6250","20.9850","","-1.56%"
"2022-11-8","21.3408","20.8100","21.6650","20.4846","","2.72%"
"2022-11-7","20.7753","20.4900","21.0250","20.3800","","-0.29%"
"2022-11-4","20.8357","19.4700","20.9350","19.4050","","7.07%"
"2022-11-3","19.4600","19.2300","19.5750","18.8200","","0.93%"
"2022-11-2","19.2800","19.6250","20.1150","19.2000","","-1.88%"
"2022-11-1","19.6500","19.1655","20.0400","19.1200","","2.66%"
"2022-10-31","19.1404","19.2400","19.2668","18.8981","","-0.45%"
"2022-10-28","19.2265","19.6050","19.6850","18.9985","","-1.82%"
"2022-10-27","19.5825","19.5900","19.7050","19.2800","","-0.19%"
"2022-10-26","19.6200","19.3450","19.8250","19.2050","","1.45%"
"2022-10-25","19.3400","19.2400","19.4750","18.7800","","0.42%"
"2022-10-24","19.2600","19.4269","19.6800","19.0131","","-0.72%"
"2022-10-21","19.4000","18.7350","19.4300","18.2750","","3.97%"
"2022-10-20","18.6600","18.5150","19.0450","18.2150","","1.19%"
"2022-10-19","18.4400","18.7450","18.8250","18.3600","","-1.71%"
"2022-10-18","18.7600","18.7000","18.9850","18.5393","","0.43%"
"2022-10-17","18.6800","18.2300","18.9650","18.2300","","2.32%"
"2022-10-14","18.2569","18.8800","19.0850","18.0800","","-3.24%"
"2022-10-13","18.8679","19.0500","19.3450","18.4550","","-1.01%"
"2022-10-12","19.0600","19.1750","19.3200","18.8589","","-0.68%"
"2022-10-11","19.1900","19.6200","19.7350","19.0600","","-2.34%"
"2022-10-10","19.6500","20.1800","20.1922","19.5000","","-2.29%"
"2022-10-7","20.1100","20.6663","20.8350","19.9945","","-2.62%"
"2022-10-6","20.6500","20.6900","20.8803","20.3580","","-0.24%"
"2022-10-5","20.7000","21.0574","21.0800","19.9396","","-1.94%"
"2022-10-4","21.1100","20.6850","21.2550","20.6000","","1.71%"
"2022-10-3","20.7550","19.0200","20.7825","19.0000","","9.24%"
"2022-9-30","19.0000","18.8221","19.3050","18.7703","","0.98%"
"2022-9-29","18.8150","18.9052","18.9177","18.4800","","-0.40%"
"2022-9-28","18.8900","18.4013","18.9851","17.9600","","2.50%"
"2022-9-27","18.4300","18.3300","18.7971","18.3148","","0.52%"
"2022-9-26","18.3350","18.8900","19.0400","18.3200","","-2.67%"
"2022-9-23","18.8387","19.6350","19.7200","18.7650","","-4.13%"
"2022-9-22","19.6500","19.5860","19.8750","19.2395","","0.31%"
"2022-9-21","19.5900","19.2750","19.9250","19.2350","","1.45%"
"2022-9-20","19.3100","19.5700","19.6150","19.0531","","-1.53%"
"2022-9-19","19.6100","19.5500","19.6614","19.2200","","0.26%"
"2022-9-16","19.5600","19.1650","19.6650","18.7799","","2.09%"
"2022-9-15","19.1600","19.6200","19.6703","19.1050","","-2.69%"
"2022-9-14","19.6900","19.3400","19.7225","19.2304","","1.92%"
"2022-9-13","19.3200","19.8200","19.9750","19.3200","","-2.33%"
"2022-9-12","19.7800","18.8600","20.0271","18.8399","","5.33%"
"2022-9-9","18.7784","18.6400","18.9750","18.5150","","1.12%"
"2022-9-8","18.5700","18.4558","18.7550","18.3141","","0.32%"
"2022-9-7","18.5100","18.0200","18.5400","17.8400","","2.53%"
"2022-9-6","18.0530","18.1500","18.5950","17.9393","","-0.60%"
"2022-9-5","18.1615","18.0550","18.2768","17.9400","","0.77%"
"2022-9-2","18.0222","17.8100","18.3050","17.7750","","0.96%"
"2022-9-1","17.8500","17.9750","18.0071","17.5548","","-0.67%"
"2022-8-31","17.9700","18.4150","18.5650","17.9200","","-2.81%"
"2022-8-30","18.4900","18.7887","18.8650","18.3400","","-1.39%"
"2022-8-29","18.7500","18.8812","18.9250","18.5124","","-0.69%"
"2022-8-26","18.8800","19.2550","19.4400","18.8200","","-2.07%"
"2022-8-25","19.2800","19.1267","19.4250","19.0934","","0.63%"
"2022-8-24","19.1600","19.1300","19.2450","18.9400","","0.00%"
"2022-8-23","19.1600","18.9900","19.2950","18.7850","","0.79%"
"2022-8-22","19.0100","19.0400","19.1950","18.7085","","-0.08%"
"2022-8-19","19.0253","19.5650","19.5815","19.0200","","-2.53%"
"2022-8-18","19.5200","19.8750","19.9650","19.4800","","-1.61%"
"2022-8-17","19.8400","20.1420","20.3150","19.6850","","-1.38%"
"2022-8-16","20.1175","20.2800","20.3121","19.9100","","-0.68%"
"2022-8-15","20.2545","20.7950","20.8950","20.0850","","-2.67%"
"2022-8-12","20.8100","20.3165","20.8850","20.2330","","2.56%"
"2022-8-11","20.2910","20.5930","20.6650","20.2381","","-1.34%"
"2022-8-10","20.5675","20.5295","20.8550","20.3350","","0.31%"
"2022-8-9","20.5040","20.6741","20.7950","20.4050","","-0.70%"
"2022-8-8","20.6485","19.9000","20.7450","19.7950","","3.89%"
"2022-8-5","19.8750","20.1750","20.3450","19.5494","","-1.37%"
"2022-8-4","20.1505","20.0630","20.4000","19.9594","","0.56%"
"2022-8-3","20.0385","19.9790","20.1859","19.7796","","0.42%"
"2022-8-2","19.9546","20.3645","20.5200","19.9400","","-1.89%"
"2022-8-1","20.3385","20.3230","20.5250","20.0536","","0.09%"
"2022-7-29","20.3200","19.9996","20.3750","19.8450","","1.73%"
"2022-7-28","19.9740","19.1100","20.0800","19.0564","","4.41%"
"2022-7-27","19.1300","18.6265","19.1650","18.4400","","2.85%"
"2022-7-26","18.6005","18.4390","18.7400","18.3800","","1.02%"
"2022-7-25","18.4130","18.6000","18.8050","18.3000","","-0.95%"
"2022-7-22","18.5900","18.8640","18.9600","18.5000","","-1.32%"
"2022-7-21","18.8395","18.6785","18.9250","18.2347","","0.99%"
"2022-7-20","18.6545","18.7740","19.1250","18.6450","","-0.42%"
"2022-7-19","18.7340","18.6970","18.9250","18.5800","","0.33%"
"2022-7-18","18.6726","18.7100","19.0250","18.6350","","-0.09%"
"2022-7-15","18.6900","18.4056","18.7900","18.1800","","1.66%"
"2022-7-14","18.3840","19.2145","19.2450","18.1315","","-4.20%"
"2022-7-13","19.1900","18.9328","19.4200","18.8450","","1.57%"
"2022-7-12","18.8930","19.1076","19.2650","18.7400","","-1.00%"
"2022-7-11","19.0835","19.3115","19.3950","19.0600","","-1.12%"
"2022-7-8","19.3000","19.2185","19.4650","19.0150","","0.56%"
"2022-7-7","19.1930","19.2055","19.5000","19.0950","","0.06%"
"2022-7-6","19.1811","19.2176","19.4007","18.9200","","-0.06%"
"2022-7-5","19.1925","19.9600","20.2550","19.0900","","-3.82%"
"2022-7-4","19.9540","19.8879","20.0350","19.7600","","0.42%"
"2022-7-1","19.8700","20.2724","20.3100","19.3800","","-1.86%"
"2022-6-30","20.2465","20.7330","20.8450","20.2000","","-2.23%"
"2022-6-29","20.7085","20.8000","21.0650","20.6200","","-0.62%"
"2022-6-28","20.8371","21.1730","21.3850","20.7850","","-1.44%"
"2022-6-27","21.1415","21.2500","21.5600","21.0960","","0.15%"
"2022-6-24","21.1100","20.9600","21.2400","20.6050","","0.84%"
"2022-6-23","20.9346","21.4140","21.5250","20.9121","","-2.14%"
"2022-6-22","21.3915","21.6901","21.7009","21.2350","","-1.26%"
"2022-6-21","21.6655","21.5880","21.9750","21.4850","","0.40%"
"2022-6-20","21.5800","21.6500","21.8050","21.4600","","-0.32%"
"2022-6-17","21.6500","21.9490","21.9700","21.5650","","-1.25%"
"2022-6-16","21.9245","21.6785","22.0150","21.3400","","1.25%"
"2022-6-15","21.6530","21.0550","21.8600","20.9997","","2.74%"
"2022-6-14","21.0750","21.0776","21.3950","20.8800","","0.11%"
"2022-6-13","21.0515","21.9300","22.0150","20.9633","","-3.74%"
"2022-6-10","21.8700","21.6861","22.0150","21.2800","","0.97%"
"2022-6-9","21.6605","22.0570","22.1650","21.5400","","-1.69%"
"2022-6-8","22.0331","22.2300","22.2550","21.8050","","-0.77%"
"2022-6-7","22.2051","22.0805","22.3150","21.8650","","0.68%"
"2022-6-6","22.0551","21.9150","22.5350","21.8945","","0.66%"
"2022-6-3","21.9100","22.3045","22.5250","21.8400","","-1.66%"
"2022-6-2","22.2800","21.8355","22.3625","21.7500","","2.20%"
"2022-6-1","21.8000","21.5635","22.0050","21.4200","","1.23%"
"2022-5-31","21.5350","21.9800","22.0158","21.4800","","-1.87%"
"2022-5-30","21.9462","22.1200","22.3150","21.9050","","-0.70%"
"2022-5-27","22.1000","22.0154","22.4600","21.9341","","0.50%"
"2022-5-26","21.9905","21.9940","22.0850","21.7150","","0.10%"
"2022-5-25","21.9685","22.1200","22.1504","21.7330","","-0.55%"
"2022-5-24","22.0910","21.8050","22.2150","21.6600","","1.47%"
"2022-5-23","21.7706","21.7700","22.2000","21.6798","","0.09%"
"2022-5-20","21.7500","21.9250","22.0950","21.6050","","-0.66%"
"2022-5-19","21.8945","21.4210","22.0000","21.2750","","2.33%"
"2022-5-18","21.3955","21.6344","21.7850","21.3600","","-1.02%"
"2022-5-17","21.6150","21.6220","21.9350","21.5050","","0.07%"
"2022-5-16","21.5990","21.1050","21.7150","20.8350","","2.51%"
"2022-5-13","21.0700","20.6905","21.1250","20.4597","","1.97%"
"2022-5-12","20.6620","21.5650","21.7150","20.6150","","-4.15%"
"2022-5-11","21.5555","21.2700","21.9700","21.2350","","1.48%"
"2022-5-10","21.2406","21.7900","22.1350","21.1800","","-2.52%"
"2022-5-9","21.7900","22.3300","22.3750","21.6950","","-2.46%"
"2022-5-6","22.3400","22.5275","22.6455","22.0950","","-0.72%"
"2022-5-5","22.5015","23.0025","23.2950","22.3150","","-1.99%"
"2022-5-4","22.9580","22.5745","23.1250","22.2100","","1.79%"
"2022-5-3","22.5545","22.6500","22.8550","22.4200","","-0.33%"
"2022-5-2","22.6295","22.7700","22.8600","22.1200","","-0.49%"
"2022-4-29","22.7400","23.1539","23.5850","22.6800","","-1.70%"
"2022-4-28","23.1339","23.2850","23.4150","22.8850","","-0.65%"
"2022-4-27","23.2848","23.5050","23.7050","23.2400","","-0.85%"
"2022-4-26","23.4846","23.6251","23.9750","23.3950","","-0.51%"
"2022-4-25","23.6051","24.1450","24.1875","23.3950","","-2.22%"
"2022-4-22","24.1400","24.6600","24.6800","24.0431","","-2.01%"
"2022-4-21","24.6351","25.2005","25.2150","24.4150","","-2.15%"
"2022-4-20","25.1760","25.1790","25.3150","24.8869","","0.08%"
"2022-4-19","25.1550","25.8631","26.0050","25.0600","","-2.64%"
"2022-4-18","25.8380","25.6400","26.2350","25.6089","","0.62%"
"2022-4-15","25.6800","25.6750","25.7275","25.6400","","0.20%"
"2022-4-14","25.6291","25.7250","25.8900","25.2950","","-0.35%"
"2022-4-13","25.7200","25.3716","25.8550","25.3400","","1.48%"
"2022-4-12","25.3460","25.1500","25.6250","24.8600","","1.08%"
"2022-4-11","25.0740","24.8000","25.3850","24.6750","","1.31%"
"2022-4-8","24.7500","24.6150","24.8250","24.3700","","0.73%"
"2022-4-7","24.5700","24.4550","24.6850","24.2400","","0.57%"
"2022-4-6","24.4300","24.3360","24.5800","24.1200","","0.49%"
"2022-4-5","24.3105","24.5600","24.9550","24.2250","","-0.78%"
"2022-4-4","24.5021","24.6250","24.8750","24.2800","","-0.44%"
"2022-4-1","24.6100","24.8050","24.8950","24.4200","","-0.65%"
"2022-3-31","24.7721","24.8658","25.0950","24.5698","","-0.29%"
"2022-3-30","24.8445","24.7730","25.0750","24.6929","","0.39%"
"2022-3-29","24.7486","24.8500","25.0550","23.9744","","-0.37%"
"2022-3-28","24.8400","25.5300","25.6035","24.7931","","-2.63%"
"2022-3-25","25.5100","25.5370","25.7550","25.2600","","-0.01%"
"2022-3-24","25.5115","25.1050","25.8550","24.9600","","1.79%"
"2022-3-23","25.0635","24.7836","25.2150","24.6750","","1.23%"
"2022-3-22","24.7595","25.2175","25.4350","24.5800","","-1.74%"
"2022-3-21","25.1970","24.9560","25.3250","24.8850","","0.99%"
"2022-3-18","24.9500","25.3761","25.4578","24.8250","","-1.52%"
"2022-3-17","25.3350","25.0850","25.5550","25.0058","","1.08%"
"2022-3-16","25.0646","24.8865","25.1450","24.4600","","0.81%"
"2022-3-15","24.8630","25.0365","25.1250","24.5285","","-0.61%"
"2022-3-14","25.0155","25.9000","25.9566","24.9250","","-3.05%"
"2022-3-11","25.8019","25.9070","26.0350","25.4089","","-0.31%"
"2022-3-10","25.8816","25.7600","26.0750","25.3100","","0.58%"
"2022-3-9","25.7328","26.4150","26.8150","25.4000","","-2.48%"
"2022-3-8","26.3875","25.6800","26.9600","25.3600","","2.84%"
"2022-3-7","25.6585","25.8500","26.1650","25.2976","","-0.03%"
"2022-3-4","25.6661","25.1850","25.7650","25.0400","","2.01%"
"2022-3-3","25.1600","25.2850","25.4850","24.9600","","-0.35%"
"2022-3-2","25.2482","25.3928","25.4350","24.8562","","-0.48%"
"2022-3-1","25.3691","24.4600","25.5650","24.2700","","3.89%"
"2022-2-28","24.4202","24.7315","24.7432","24.0865","","0.94%"
"2022-2-25","24.1918","24.2000","24.5150","23.8700","","-0.04%"
"2022-2-24","24.2011","24.5500","25.6350","23.8450","","-1.30%"
"2022-2-23","24.5197","24.1050","24.6050","24.0250","","1.80%"
"2022-2-22","24.0855","23.9650","24.3700","23.9000","","0.62%"
"2022-2-21","23.9380","24.0150","24.0861","23.6950","","-0.09%"
"2022-2-18","23.9596","23.8400","24.1000","23.6750","","0.63%"
"2022-2-17","23.8100","23.5750","23.9450","23.4150","","1.14%"
"2022-2-16","23.5422","23.3700","23.7050","23.2750","","0.87%"
"2022-2-15","23.3400","23.8600","24.0250","23.0800","","-2.06%"
"2022-2-14","23.8300","23.6100","23.9550","23.5150","","1.12%"
"2022-2-11","23.5659","23.2028","23.7350","22.8550","","1.67%"
"2022-2-10","23.1777","23.3100","23.7350","23.1362","","-0.52%"
"2022-2-9","23.3000","23.2000","23.3850","23.0900","","0.54%"
"2022-2-8","23.1759","23.0150","23.2850","22.7650","","0.80%"
"2022-2-7","22.9917","22.4800","23.1150","22.4800","","2.28%"
"2022-2-4","22.4799","22.4100","22.6750","22.0600","","0.38%"
"2022-2-3","22.3937","22.6450","22.7050","21.9950","","-1.02%"
"2022-2-2","22.6242","22.6550","22.8950","22.4650","","-0.04%"
"2022-2-1","22.6335","22.4589","23.0650","22.3990","","0.89%"
"2022-1-31","22.4337","22.4550","22.6750","22.2450","","0.08%"
"2022-1-28","22.4164","22.7765","22.8550","22.1400","","-1.42%"
"2022-1-27","22.7400","23.4950","23.6081","22.5650","","-3.16%"
"2022-1-26","23.4818","23.8200","23.9950","23.4350","","-1.40%"
"2022-1-25","23.8152","23.9900","24.0450","23.5950","","-0.58%"
"2022-1-24","23.9544","24.2800","24.3191","23.5600","","-1.14%"
"2022-1-21","24.2304","24.4500","24.5950","24.1700","","-0.82%"
"2022-1-20","24.4300","24.1489","24.7550","24.0727","","1.27%"
"2022-1-19","24.1235","23.4700","24.2450","23.3850","","2.87%"
"2022-1-18","23.4502","23.0250","23.6550","22.8000","","1.96%"
"2022-1-17","23.0000","22.9600","23.1350","22.8277","","0.22%"
"2022-1-14","22.9502","23.0900","23.3450","22.8234","","-0.53%"
"2022-1-13","23.0715","23.1300","23.3050","22.9949","","-0.18%"
"2022-1-12","23.1121","22.7850","23.2550","22.6398","","1.53%"
"2022-1-11","22.7628","22.4750","22.8450","22.4450","","1.39%"
"2022-1-10","22.4513","22.3585","22.5650","22.1900","","0.68%"
"2022-1-7","22.3000","22.1800","22.4450","21.9495","","0.67%"
"2022-1-6","22.1519","22.7979","22.8550","21.9950","","-2.73%"
"2022-1-5","22.7731","23.0550","23.2750","22.7250","","-1.11%"
"2022-1-4","23.0296","22.8950","23.1350","22.6300","","0.74%"
"2022-1-3","22.8598","23.3250","23.4154","22.6750","","-1.75%"
"2021-12-31","23.2679","23.0550","23.3550","23.0250","","1.03%"
"2021-12-30","23.0317","22.8238","23.1550","22.5950","","0.98%"
"2021-12-29","22.8071","23.0100","23.1850","22.5850","","-0.81%"
"2021-12-28","22.9924","23.0750","23.4650","22.9597","","-0.21%"
"2021-12-27","23.0400","22.8550","23.1350","22.6450","","0.44%"
"2021-12-24","22.9400","22.9050","22.9950","22.8750","","0.22%"
"2021-12-23","22.8900","22.7975","22.9650","22.6550","","0.52%"
"2021-12-22","22.7727","22.5200","22.8650","22.4350","","1.26%"
"2021-12-21","22.4900","22.2600","22.7950","22.1800","","1.16%"
"2021-12-20","22.2322","22.4100","22.4850","22.1850","","-0.52%"
"2021-12-17","22.3473","22.4900","22.6950","22.3596","","-0.50%"
"2021-12-16","22.4600","22.0800","22.5450","21.9066","","1.86%"
"2021-12-15","22.0500","21.9457","22.1350","21.4300","","0.57%"
"2021-12-14","21.9257","22.3300","22.3750","21.6900","","-1.72%"
"2021-12-13","22.3102","22.1800","22.4350","22.1399","","0.67%"
"2021-12-10","22.1626","21.9550","22.2400","21.8150","","1.07%"
"2021-12-9","21.9285","22.4100","22.5050","21.8550","","-2.07%"
"2021-12-8","22.3930","22.5021","22.5850","22.3050","","-0.34%"
"2021-12-7","22.4700","22.3769","22.6150","22.2350","","0.53%"
"2021-12-6","22.3520","22.5862","22.6140","22.1259","","-0.70%"
"2021-12-3","22.5093","22.3900","22.5950","22.0350","","0.60%"
"2021-12-2","22.3749","22.3100","22.5250","22.2100","","0.31%"
"2021-12-1","22.3059","22.8200","23.0450","22.1771","","-2.16%"
"2021-11-30","22.7984","22.9150","23.3350","22.6900","","-0.40%"
"2021-11-29","22.8900","23.1450","23.4850","22.7500","","-1.04%"
"2021-11-26","23.1305","23.6000","23.7350","22.9150","","-1.89%"
"2021-11-25","23.5751","23.5500","23.7750","23.5128","","0.19%"
"2021-11-24","23.5295","23.6800","23.7150","23.3930","","-0.52%"
"2021-11-23","23.6519","24.1950","24.3550","23.2650","","-2.13%"
"2021-11-22","24.1664","24.6350","24.9150","24.0950","","-1.72%"
"2021-11-19","24.5882","24.7900","25.0150","24.5500","","-0.77%"
"2021-11-18","24.7800","25.0682","25.1850","24.6800","","-1.08%"
"2021-11-17","25.0500","24.8300","25.2550","24.8000","","1.01%"
"2021-11-16","24.8005","25.0650","25.4250","24.7650","","-0.95%"
"2021-11-15","25.0387","25.3150","25.3900","24.9050","","-0.97%"
"2021-11-12","25.2851","25.2500","25.4050","24.8450","","0.22%"
"2021-11-11","25.2292","24.6450","25.2850","24.5850","","2.46%"
"2021-11-10","24.6237","24.3050","25.1350","24.0600","","1.42%"
"2021-11-9","24.2797","24.4700","24.5200","24.0300","","-0.65%"
"2021-11-8","24.4388","24.1800","24.5650","24.0550","","1.11%"
"2021-11-5","24.1700","23.7960","24.1850","23.6286","","1.68%"
"2021-11-4","23.7705","23.5185","24.0550","23.4296","","1.18%"
"2021-11-3","23.4940","23.5395","23.6500","23.0150","","-0.11%"
"2021-11-2","23.5190","24.0410","24.0850","23.3750","","-2.07%"
"2021-11-1","24.0166","23.9150","24.1150","23.7400","","0.70%"
"2021-10-29","23.8500","24.0800","24.0923","23.6500","","-1.04%"
"2021-10-28","24.1000","24.0624","24.2550","23.9550","","0.24%"
"2021-10-27","24.0426","24.1595","24.2950","23.8300","","-0.38%"
"2021-10-26","24.1340","24.5650","24.5858","23.8700","","-1.70%"
"2021-10-25","24.5511","24.3450","24.6350","24.2900","","0.99%"
"2021-10-22","24.3100","24.1605","24.8550","24.1150","","0.73%"
"2021-10-21","24.1350","24.2925","24.4900","23.9950","","-0.55%"
"2021-10-20","24.2680","23.6656","24.4450","23.5650","","2.61%"
"2021-10-19","23.6500","23.1895","24.1600","23.1750","","2.09%"
"2021-10-18","23.1651","23.3277","23.4850","23.0050","","-0.51%"
"2021-10-15","23.2835","23.5150","23.6050","23.0650","","-1.09%"
"2021-10-14","23.5400","23.0905","23.6250","22.8950","","2.06%"
"2021-10-13","23.0651","22.5575","23.2650","22.4700","","2.36%"
"2021-10-12","22.5335","22.5765","22.7850","22.3444","","-0.10%"
"2021-10-11","22.5560","22.6811","22.8650","22.4933","","-0.46%"
"2021-10-8","22.6600","22.6050","23.2250","22.4250","","0.36%"
"2021-10-7","22.5795","22.6181","22.8400","22.3750","","-0.06%"
"2021-10-6","22.5940","22.6315","22.7350","22.2050","","-0.29%"
"2021-10-5","22.6600","22.6845","22.7070","22.3700","","0.00%"
"2021-10-4","22.6591","22.5700","22.7700","22.2750","","0.62%"
"2021-10-1","22.5200","22.1665","22.6050","21.9800","","1.44%"
"2021-9-30","22.2000","21.5375","22.2650","21.4641","","3.20%"
"2021-9-29","21.5126","22.4561","22.6050","21.4112","","-4.10%"
"2021-9-28","22.4330","22.6100","22.7050","22.0950","","-0.96%"
"2021-9-27","22.6500","22.4155","22.8750","22.3950","","1.05%"
"2021-9-24","22.4150","22.5115","22.8250","22.1000","","-0.32%"
"2021-9-23","22.4871","22.6945","22.9050","22.4650","","-0.80%"
"2021-9-22","22.6695","22.4970","23.1650","22.4600","","0.88%"
"2021-9-21","22.4715","22.2690","22.7450","22.2300","","1.02%"
"2021-9-20","22.2450","22.3550","22.5450","22.0341","","-0.66%"
"2021-9-17","22.3925","22.9306","23.1650","22.3300","","-2.34%"
"2021-9-16","22.9300","23.8440","24.0050","22.5950","","-3.73%"
"2021-9-15","23.8195","23.8530","23.9650","23.6550","","-0.06%"
"2021-9-14","23.8335","23.7300","24.0050","23.4450","","0.50%"
"2021-9-13","23.7155","23.7553","23.8850","23.3800","","-0.01%"
"2021-9-10","23.7175","24.0345","24.3350","23.7200","","-1.46%"
"2021-9-9","24.0700","23.9479","24.3050","23.8350","","0.46%"
"2021-9-8","23.9600","24.3230","24.4450","23.9050","","-1.39%"
"2021-9-7","24.2984","24.7000","24.8450","24.1550","","-1.51%"
"2021-9-6","24.6700","24.7625","24.8450","24.6285","","-0.08%"
"2021-9-3","24.6900","23.9060","24.9250","23.8750","","3.39%"
"2021-9-2","23.8811","24.1500","24.2450","23.7850","","-1.20%"
"2021-9-1","24.1700","23.9055","24.3050","23.7494","","1.19%"
"2021-8-31","23.8850","24.0195","24.2200","23.8031","","-0.73%"
"2021-8-30","24.0600","24.0150","24.2550","23.9050","","0.27%"
"2021-8-27","23.9950","23.5656","24.1450","23.3350","","1.93%"
"2021-8-26","23.5400","23.8477","23.9050","23.4250","","-1.34%"
"2021-8-25","23.8600","23.8600","23.9350","23.5800","","0.10%"
"2021-8-24","23.8355","23.6330","23.9650","23.5347","","0.74%"
"2021-8-23","23.6600","23.0256","23.7050","22.9650","","2.82%"
"2021-8-20","23.0100","23.2545","23.3850","22.8700","","-0.95%"
"2021-8-19","23.2300","23.5060","23.5401","23.0935","","-1.07%"
"2021-8-18","23.4805","23.6605","23.8550","23.2900","","-0.65%"
"2021-8-17","23.6351","23.8430","23.9750","23.5650","","-0.79%"
"2021-8-16","23.8235","23.7600","23.9350","23.4250","","0.35%"
"2021-8-13","23.7400","23.1744","23.8750","23.1600","","2.53%"
"2021-8-12","23.1551","23.5450","23.5600","23.0100","","-1.57%"
"2021-8-11","23.5245","23.3405","23.6350","23.2050","","0.88%"
"2021-8-10","23.3200","23.4519","23.6950","23.2300","","-0.47%"
"2021-8-9","23.4310","24.3200","24.3800","22.5250","","-3.70%"
"2021-8-6","24.3325","25.1565","25.2550","24.1900","","-3.18%"
"2021-8-5","25.1304","25.3825","25.5550","25.0750","","-0.89%"
"2021-8-4","25.3571","25.5240","26.0350","25.3200","","-0.75%"
"2021-8-3","25.5500","25.4155","25.6250","25.2400","","0.47%"
"2021-8-2","25.4300","25.5400","25.6400","25.2966","","-0.12%"
"2021-7-30","25.4600","25.5270","25.6950","25.3350","","-0.27%"
"2021-7-29","25.5300","24.9525","25.8250","24.9509","","2.41%"
"2021-7-28","24.9285","24.6950","25.0217","24.6050","","1.03%"
"2021-7-27","24.6745","25.1894","25.3150","24.4850","","-1.95%"
"2021-7-26","25.1646","25.1900","25.4600","25.1200","","0.02%"
"2021-7-23","25.1600","25.4311","25.5050","25.0000","","-1.16%"
"2021-7-22","25.4550","25.2525","25.4850","25.0050","","0.90%"
"2021-7-21","25.2280","24.9330","25.3350","24.7550","","1.28%"
"2021-7-20","24.9080","25.1721","25.3350","24.8100","","-1.18%"
"2021-7-19","25.2050","25.6793","25.7950","24.9900","","-1.77%"
"2021-7-16","25.6600","26.3446","26.4650","25.5950","","-2.52%"
"2021-7-15","26.3245","26.2465","26.4150","26.1550","","0.34%"
"2021-7-14","26.2350","25.9860","26.4950","25.9350","","1.05%"
"2021-7-13","25.9615","26.1996","26.3750","25.9350","","-0.82%"
"2021-7-12","26.1750","26.0980","26.2950","25.8650","","0.36%"
"2021-7-9","26.0800","25.9310","26.2250","25.7550","","0.67%"
"2021-7-8","25.9055","26.1465","26.2350","25.8050","","-0.83%"
"2021-7-7","26.1210","26.1595","26.4750","25.9800","","-0.05%"
"2021-7-6","26.1340","26.4484","26.7800","26.0050","","-1.21%"
"2021-7-5","26.4551","26.4965","26.6350","26.3745","","-0.02%"
"2021-7-2","26.4600","26.0361","26.5850","25.9750","","1.73%"
"2021-7-1","26.0110","26.1230","26.4150","25.9350","","-0.36%"
"2021-6-30","26.1044","25.7705","26.1600","25.6950","","1.40%"
"2021-6-29","25.7450","26.1265","26.1550","25.5300","","-1.34%"
"2021-6-28","26.0935","26.1200","26.2450","25.7995","","0.07%"
"2021-6-25","26.0740","25.9540","26.3150","25.9100","","0.55%"
"2021-6-24","25.9326","25.8870","26.1950","25.8090","","0.27%"
"2021-6-23","25.8615","25.7740","26.3050","25.7450","","0.44%"
"2021-6-22","25.7480","25.9595","26.0550","25.6900","","-0.73%"
"2021-6-21","25.9384","25.8100","26.0950","25.5499","","0.58%"
"2021-6-18","25.7900","25.8850","26.5250","25.7450","","-0.50%"
"2021-6-17","25.9200","26.9881","27.2614","25.7650","","-3.87%"
"2021-6-16","26.9635","27.6615","27.8750","26.7050","","-2.44%"
"2021-6-15","27.6370","27.8535","27.9250","27.3881","","-0.71%"
"2021-6-14","27.8340","27.9365","28.0350","27.4700","","-0.20%"
"2021-6-11","27.8900","27.9901","28.3150","27.8850","","-0.27%"
"2021-6-10","27.9650","27.7715","28.0358","27.4650","","0.77%"
"2021-6-9","27.7510","27.6268","28.0150","27.5200","","0.42%"
"2021-6-8","27.6350","27.8800","28.0150","27.5000","","-0.86%"
"2021-6-7","27.8750","27.8500","27.9750","27.4750","","0.34%"
"2021-6-4","27.7800","27.4400","27.8850","27.2250","","1.20%"
"2021-6-3","27.4500","28.1600","28.2550","27.0300","","-2.66%"
"2021-6-2","28.2000","27.8850","28.2250","27.6850","","1.08%"
"2021-6-1","27.9000","28.0615","28.5600","27.8200","","-0.54%"
"2021-5-31","28.0513","27.9300","28.1750","27.8750","","0.61%"
"2021-5-28","27.8800","27.8750","28.0050","27.3939","","0.07%"
"2021-5-27","27.8600","27.6800","27.9150","27.4950","","0.61%"
"2021-5-26","27.6900","27.9950","28.2550","27.6047","","-1.04%"
"2021-5-25","27.9800","27.7735","28.0550","27.4636","","0.65%"
"2021-5-24","27.8000","27.5703","27.9250","27.4600","","1.02%"
"2021-5-21","27.5200","27.7638","28.0950","27.2000","","-0.79%"
"2021-5-20","27.7400","27.7350","28.0150","27.3950","","-0.04%"
"2021-5-19","27.7500","28.1950","28.2650","27.3650","","-1.61%"
"2021-5-18","28.2050","28.1900","28.7650","28.0000","","0.12%"
"2021-5-17","28.1700","27.4800","28.3250","27.3464","","2.75%"
"2021-5-14","27.4150","27.0950","27.5150","26.8200","","1.31%"
"2021-5-13","27.0600","27.0200","27.2650","26.7150","","0.11%"
"2021-5-12","27.0300","27.6350","27.7050","26.9450","","-2.17%"
"2021-5-11","27.6300","27.3340","27.6712","27.1000","","1.17%"
"2021-5-10","27.3100","27.5450","27.8950","27.2300","","-0.44%"
"2021-5-7","27.4300","27.3000","27.6800","27.1400","","0.49%"
"2021-5-6","27.2950","26.5150","27.4750","26.1740","","3.00%"
"2021-5-5","26.5000","26.5150","26.6450","26.1000","","-0.11%"
"2021-5-4","26.5300","26.9200","27.1250","26.0950","","-1.27%"
"2021-5-3","26.8700","25.9250","27.0050","25.8000","","3.75%"
"2021-4-30","25.9000","26.1100","26.2050","25.7950","","-0.70%"
"2021-4-29","26.0836","26.2400","26.4950","25.7100","","-0.33%"
"2021-4-28","26.1700","26.3016","26.3350","25.8250","","-0.27%"
"2021-4-27","26.2400","26.2156","26.4750","26.0450","","0.11%"
"2021-4-26","26.2100","25.9900","26.2350","25.8500","","0.85%"
"2021-4-23","25.9900","26.1700","26.4100","25.8400","","-0.69%"
"2021-4-22","26.1700","26.5750","26.6250","25.9750","","-1.52%"
"2021-4-21","26.5750","25.8330","26.6950","25.7600","","2.73%"
"2021-4-20","25.8700","25.8200","26.1000","25.6850","","0.23%"
"2021-4-19","25.8100","25.9850","26.2550","25.6300","","-0.56%"
"2021-4-16","25.9550","25.8500","26.3150","25.7500","","0.37%"
"2021-4-15","25.8600","25.4250","26.0150","25.3200","","1.77%"
"2021-4-14","25.4100","25.3550","25.5550","25.1950","","0.32%"
"2021-4-13","25.3300","24.8000","25.4900","24.6800","","1.95%"
"2021-4-12","24.8450","25.2500","25.2950","24.7000","","-1.56%"
"2021-4-9","25.2400","25.4600","25.5150","24.9800","","-0.75%"
"2021-4-8","25.4300","25.1567","25.6250","24.9600","","1.23%"
"2021-4-7","25.1200","25.1450","25.2850","24.8484","","-0.20%"
"2021-4-6","25.1700","24.8750","25.3150","24.7650","","1.08%"
"2021-4-5","24.9000","25.0000","25.1050","24.6131","","-0.28%"
"2021-4-2","24.9700","24.9800","25.0413","24.9525","","0.00%"
"2021-4-1","24.9700","24.4345","24.9950","24.2400","","2.38%"
"2021-3-31","24.3900","24.0300","24.5650","23.7799","","1.56%"
"2021-3-30","24.0150","24.6650","24.7850","23.8450","","-2.66%"
"2021-3-29","24.6700","25.0782","25.1064","24.4450","","-1.50%"
"2021-3-26","25.0450","25.0750","25.2750","24.8650","","0.10%"
"2021-3-25","25.0200","25.0900","25.1950","24.4100","","-0.24%"
"2021-3-24","25.0800","25.0700","25.3750","24.9750","","0.00%"
"2021-3-23","25.0800","25.7600","25.8350","25.0050","","-2.70%"
"2021-3-22","25.7750","26.2320","26.2390","25.4050","","-1.79%"
"2021-3-19","26.2450","26.0700","26.3550","25.8742","","0.75%"
"2021-3-18","26.0500","26.3100","26.6550","25.8250","","-1.08%"
"2021-3-17","26.3350","25.9500","26.5250","25.7600","","1.44%"
"2021-3-16","25.9600","26.2500","26.3350","25.8250","","-1.14%"
"2021-3-15","26.2600","25.9750","26.4150","25.7969","","1.34%"
"2021-3-12","25.9129","26.0900","26.1800","25.3800","","-0.63%"
"2021-3-11","26.0766","26.2050","26.4750","25.8400","","-0.33%"
"2021-3-10","26.1639","25.9200","26.2250","25.5400","","1.02%"
"2021-3-9","25.9000","25.1100","26.1400","25.0350","","3.23%"
"2021-3-8","25.0900","25.3500","25.9265","24.9500","","-0.40%"
"2021-3-5","25.1900","25.3200","25.4650","24.8300","","-0.46%"
"2021-3-4","25.3075","26.1250","26.3450","25.0600","","-2.96%"
"2021-3-3","26.0800","26.7800","26.8750","25.8347","","-2.50%"
"2021-3-2","26.7500","26.5200","26.9250","25.8450","","0.89%"
"2021-3-1","26.5128","26.6500","27.1050","26.4250","","-0.40%"
"2021-2-26","26.6200","27.4200","27.6050","26.1400","","-2.85%"
"2021-2-25","27.4000","28.0150","28.2150","27.2784","","-2.07%"
"2021-2-24","27.9800","27.6400","28.0050","27.3150","","1.30%"
"2021-2-23","27.6200","28.1750","28.3365","27.2400","","-1.91%"
"2021-2-22","28.1570","27.3850","28.2856","27.2800","","3.47%"
"2021-2-19","27.2118","27.0250","27.6200","26.2300","","0.73%"
"2021-2-18","27.0158","27.3900","27.5250","26.8600","","-1.21%"
"2021-2-17","27.3471","27.2600","27.4350","26.8500","","0.47%"
"2021-2-16","27.2200","27.6050","27.9600","26.8362","","-1.34%"
"2021-2-15","27.5900","27.3950","27.7150","27.3550","","0.88%"
"2021-2-12","27.3500","26.9800","27.4400","26.8480","","1.49%"
"2021-2-11","26.9472","27.0050","27.2923","26.6950","","-0.17%"
"2021-2-10","26.9930","27.2450","27.5350","26.8328","","-0.76%"
"2021-2-9","27.2000","27.2600","27.8250","27.0650","","-0.19%"
"2021-2-8","27.2524","26.9800","27.5850","26.8400","","1.58%"
"2021-2-5","26.8282","26.3000","27.0550","26.1950","","2.04%"
"2021-2-4","26.2924","26.8700","26.9500","25.8950","","-2.13%"
"2021-2-3","26.8642","26.6150","27.2050","26.4750","","0.95%"
"2021-2-2","26.6117","29.0000","29.0900","26.2800","","-8.14%"
"2021-2-1","28.9700","28.2950","30.0750","27.9600","","7.29%"
"2021-1-29","27.0015","26.3850","27.6600","26.0386","","2.39%"
"2021-1-28","26.3700","25.2675","26.9700","24.8600","","4.48%"
"2021-1-27","25.2400","25.4700","25.5008","24.6972","","-0.80%"
"2021-1-26","25.4425","25.3400","25.6600","25.1886","","0.56%"
"2021-1-25","25.3000","25.4250","25.7850","25.1600","","-0.39%"
"2021-1-22","25.4000","25.9651","26.0100","25.0200","","-2.10%"
"2021-1-21","25.9451","25.8350","26.0650","25.6400","","0.54%"
"2021-1-20","25.8068","25.2000","25.8850","25.0400","","2.45%"
"2021-1-19","25.1900","25.3450","25.4250","24.9250","","-0.55%"
"2021-1-18","25.3300","24.7840","25.3525","24.1999","","2.40%"
"2021-1-15","24.7353","25.5450","25.7953","24.5850","","-3.11%"
"2021-1-14","25.5304","25.1550","25.9050","25.0550","","1.55%"
"2021-1-13","25.1400","25.6050","25.6900","25.1250","","-1.70%"
"2021-1-12","25.5748","24.9600","25.6500","24.8950","","2.62%"
"2021-1-11","24.9209","25.3550","25.5133","24.3300","","-1.77%"
"2021-1-8","25.3700","27.1250","27.2200","24.4809","","-6.40%"
"2021-1-7","27.1040","27.3050","27.3750","26.9200","","-0.72%"
"2021-1-6","27.3000","27.5800","27.9300","26.6093","","-0.98%"
"2021-1-5","27.5700","27.2450","27.6950","26.9916","","1.32%"
"2021-1-4","27.2110","26.6500","27.5700","26.6150","","3.23%"
"2021-1-1","26.3600","26.4000","26.4550","26.3650","","0.01%"
"2020-12-31","26.3584","26.6400","26.7150","26.2100","","-0.95%"
"2020-12-30","26.6100","26.2100","26.6458","26.1350","","1.65%"
"2020-12-29","26.1788","26.2050","26.6200","25.9500","","0.07%"
"2020-12-28","26.1600","26.0898","26.7750","25.9442","","1.20%"
"2020-12-25","25.8500","25.8250","25.8750","25.8250","","0.04%"
"2020-12-24","25.8400","25.5600","25.9250","25.4200","","1.21%"
"2020-12-23","25.5300","25.1600","25.8000","25.0600","","1.62%"
"2020-12-22","25.1224","26.1909","26.5856","25.0770","","-3.98%"
"2020-12-21","26.1633","25.7950","27.4050","24.9700","","1.53%"
"2020-12-18","25.7680","26.0600","26.1350","25.6550","","-1.08%"
"2020-12-17","26.0500","25.3750","26.1000","25.1600","","2.82%"
"2020-12-16","25.3358","24.5200","25.5050","24.4430","","3.48%"
"2020-12-15","24.4829","23.8400","24.5750","23.8100","","2.79%"
"2020-12-14","23.8176","23.9350","24.2400","23.6750","","-0.40%"
"2020-12-11","23.9122","23.9750","24.1250","23.6000","","-0.16%"
"2020-12-10","23.9495","23.9436","24.2900","23.7200","","0.12%"
"2020-12-9","23.9212","24.5600","24.5938","23.5900","","-2.60%"
"2020-12-8","24.5600","24.5050","24.8700","24.4250","","0.22%"
"2020-12-7","24.5050","24.1900","24.7857","23.5200","","1.40%"
"2020-12-4","24.1656","24.0850","24.4100","23.9300","","0.42%"
"2020-12-3","24.0655","24.1100","24.2950","23.7350","","-0.15%"
"2020-12-2","24.1018","24.0150","24.3286","23.5400","","0.42%"
"2020-12-1","24.0021","22.6350","24.0607","22.5807","","6.18%"
"2020-11-30","22.6044","22.7250","22.7800","21.8965","","-0.40%"
"2020-11-27","22.6950","23.2750","23.3450","22.3400","","-3.22%"
"2020-11-26","23.4500","23.3250","23.4900","23.1750","","0.64%"
"2020-11-25","23.3000","23.2700","23.5331","23.0950","","0.20%"
"2020-11-24","23.2524","23.5900","23.6433","22.9300","","-1.37%"
"2020-11-23","23.5759","24.1650","24.4050","23.4238","","-2.35%"
"2020-11-20","24.1444","24.0950","24.5350","23.9000","","0.23%"
"2020-11-19","24.0895","24.3150","24.3850","23.6300","","-0.92%"
"2020-11-18","24.3126","24.4916","24.7150","24.2000","","-0.63%"
"2020-11-17","24.4678","24.7800","24.8150","24.3650","","-1.15%"
"2020-11-16","24.7515","24.6750","25.0800","24.2200","","0.49%"
"2020-11-13","24.6296","24.2450","24.8250","24.1550","","1.65%"
"2020-11-12","24.2300","24.2750","24.4050","24.0400","","-0.08%"
"2020-11-11","24.2494","24.2200","24.4450","23.7743","","0.16%"
"2020-11-10","24.2100","24.0850","24.5050","23.8950","","0.58%"
"2020-11-9","24.0698","25.6150","26.0062","23.5750","","-5.95%"
"2020-11-6","25.5929","25.3600","25.8456","24.8932","","1.05%"
"2020-11-5","25.3275","23.9400","25.4800","23.8900","","5.93%"
"2020-11-4","23.9100","24.1800","24.5009","23.2400","","-1.06%"
"2020-11-3","24.1654","24.0800","24.4000","23.9000","","0.53%"
"2020-11-2","24.0383","23.6550","24.1750","23.3939","","1.73%"
"2020-10-30","23.6300","23.2450","23.8250","23.1740","","1.53%"
"2020-10-29","23.2750","23.3900","23.5858","22.5800","","-0.58%"
"2020-10-28","23.4100","24.3700","24.5850","23.0200","","-4.64%"
"2020-10-27","24.5500","24.2750","24.6200","24.1950","","0.95%"
"2020-10-26","24.3200","24.6300","24.6700","24.1000","","-1.06%"
"2020-10-23","24.5800","24.7200","24.8650","24.4050","","-0.69%"
"2020-10-22","24.7500","25.0400","25.0916","24.3650","","-1.28%"
"2020-10-21","25.0700","24.6550","25.2900","24.6500","","1.72%"
"2020-10-20","24.6450","24.3797","24.9352","24.3200","","0.59%"
"2020-10-19","24.5000","24.1750","24.9850","24.1150","","1.37%"
"2020-10-16","24.1700","24.2750","24.5266","24.0600","","-0.58%"
"2020-10-15","24.3100","24.2875","24.3450","23.5800","","0.12%"
"2020-10-14","24.2800","24.1650","24.6500","23.8743","","0.46%"
"2020-10-13","24.1700","25.1350","25.2050","23.9350","","-3.74%"
"2020-10-12","25.1100","25.1100","25.5750","24.7800","","-0.04%"
"2020-10-9","25.1200","23.8450","25.1886","23.8326","","5.44%"
"2020-10-8","23.8250","23.8750","24.2200","23.6600","","-0.06%"
"2020-10-7","23.8400","23.0350","23.9851","23.0050","","3.27%"
"2020-10-6","23.0850","24.3850","24.5100","22.8650","","-5.20%"
"2020-10-5","24.3500","23.7150","24.5200","23.6750","","2.74%"
"2020-10-2","23.7000","23.7835","24.2050","23.4800","","-0.80%"
"2020-10-1","23.8900","23.2250","24.1750","23.2150","","2.93%"
"2020-9-30","23.2100","24.2243","24.3200","23.1393","","-3.99%"
"2020-9-29","24.1750","23.6750","24.4103","23.3700","","1.96%"
"2020-9-28","23.7100","22.8765","23.7375","22.5150","","3.72%"
"2020-9-25","22.8600","23.1550","23.3162","22.4500","","-1.49%"
"2020-9-24","23.2050","22.8950","23.3600","21.6611","","1.46%"
"2020-9-23","22.8700","24.4005","24.4800","22.5950","","-6.33%"
"2020-9-22","24.4150","24.7250","25.2376","23.8274","","-1.27%"
"2020-9-21","24.7300","26.7967","26.9667","23.7165","","-7.60%"
"2020-9-18","26.7650","27.0850","27.2200","26.7055","","-1.24%"
"2020-9-17","27.1000","27.3150","27.3150","26.3112","","-0.48%"
"2020-9-16","27.2300","27.2350","27.4550","26.8791","","-0.02%"
"2020-9-15","27.2350","27.1470","27.6329","27.0024","","0.29%"
"2020-9-14","27.1550","26.7649","27.3100","26.6725","","1.55%"
"2020-9-11","26.7400","26.8776","27.0438","26.5800","","-0.67%"
"2020-9-10","26.9200","26.9890","27.4930","26.6800","","-0.39%"
"2020-9-9","27.0250","26.6267","27.1300","26.4073","","1.20%"
"2020-9-8","26.7050","26.9343","27.1027","25.8604","","-1.09%"
"2020-9-7","27.0000","26.8747","27.1757","26.6153","","0.45%"
"2020-9-4","26.8800","26.5900","27.0131","26.3090","","0.96%"
"2020-9-3","26.6250","27.4325","27.7200","26.4800","","-3.16%"
"2020-9-2","27.4950","28.1245","28.3200","27.0780","","-2.38%"
"2020-9-1","28.1650","28.2650","28.9100","27.7141","","-0.19%"
"2020-8-31","28.2200","27.5375","28.3680","27.5375","","2.66%"
"2020-8-28","27.4900","27.0527","27.7200","26.8300","","1.65%"
"2020-8-27","27.0450","27.5189","27.9180","26.5245","","-1.73%"
"2020-8-26","27.5200","26.4750","27.5450","26.0973","","4.12%"
"2020-8-25","26.4300","26.5450","26.8080","26.0715","","-0.41%"
"2020-8-24","26.5400","26.7640","27.2450","26.2570","","-0.56%"
"2020-8-21","26.6886","27.2640","27.5452","26.0599","","-1.95%"
"2020-8-20","27.2200","26.7150","27.5277","26.6047","","1.87%"
"2020-8-19","26.7200","27.7226","28.0425","26.4950","","-3.36%"
"2020-8-18","27.6500","27.4550","28.4600","27.1211","","0.91%"
"2020-8-17","27.4000","26.6418","27.5712","25.8305","","3.75%"
"2020-8-14","26.4100","27.5230","27.7240","25.7483","","-4.16%"
"2020-8-13","27.5550","25.5835","27.7212","25.2805","","7.81%"
"2020-8-12","25.5600","24.7815","26.2921","23.4455","","3.11%"
"2020-8-11","24.7900","29.1850","29.2595","24.4299","","-14.96%"
"2020-8-10","29.1500","28.4634","29.4233","27.8682","","3.04%"
"2020-8-7","28.2900","28.9350","29.8634","27.3760","","-2.25%"
"2020-8-6","28.9400","26.9910","29.0902","26.8000","","7.11%"
"2020-8-5","27.0200","26.0150","27.1451","25.3731","","3.92%"
"2020-8-4","26.0000","24.2450","26.0287","24.1200","","7.22%"
"2020-8-3","24.2500","24.7595","24.8505","24.0598","","-0.49%"
"2020-7-31","24.3700","23.5257","24.4716","23.2936","","3.50%"
"2020-7-30","23.5450","24.4150","24.4250","22.9160","","-3.52%"
"2020-7-29","24.4050","24.6050","24.9400","23.3297","","-0.67%"
"2020-7-28","24.5700","24.5645","26.2051","22.3462","","-0.16%"
"2020-7-27","24.6100","22.7450","24.6350","22.7201","","8.22%"
"2020-7-24","22.7400","22.6950","22.9300","22.4135","","0.09%"
"2020-7-23","22.7200","23.0650","23.2585","22.2700","","-1.35%"
"2020-7-22","23.0300","21.3034","23.0709","21.2838","","7.97%"
"2020-7-21","21.3300","19.9300","21.3550","19.8530","","7.19%"
"2020-7-20","19.9000","19.3538","19.9300","19.2450","","3.06%"
"2020-7-17","19.3100","19.1550","19.4050","18.9250","","0.73%"
"2020-7-16","19.1700","19.4250","19.4850","19.0975","","-1.13%"
"2020-7-15","19.3900","19.2050","19.4800","19.1299","","0.99%"
"2020-7-14","19.2000","19.1150","19.3000","18.8700","","0.63%"
"2020-7-13","19.0800","18.6925","19.3764","18.6925","","2.20%"
"2020-7-10","18.6700","18.6950","18.8200","18.4788","","0.05%"
"2020-7-9","18.6600","18.6450","19.0519","18.4828","","-0.59%"
"2020-7-8","18.7700","18.3400","18.7950","18.2400","","2.57%"
"2020-7-7","18.3000","18.2450","18.3783","17.9865","","0.49%"
"2020-7-6","18.2100","18.0476","18.4100","17.9400","","0.94%"
"2020-7-3","18.0400","18.0500","18.1100","17.9291","","0.78%"
"2020-7-2","17.9000","17.9600","18.1362","17.7598","","-0.22%"
"2020-7-1","17.9400","18.1700","18.4623","17.8250","","-1.05%"
"2020-6-30","18.1300","17.8200","18.2565","17.7650","","1.51%"
"2020-6-29","17.8600","17.8135","17.9652","17.6750","","0.62%"
"2020-6-26","17.7500","17.7974","17.9448","17.4922","","-0.73%"
"2020-6-25","17.8800","17.4825","17.9050","17.4350","","2.05%"
"2020-6-24","17.5200","17.8600","18.0750","17.4150","","-2.40%"
"2020-6-23","17.9500","17.8400","18.0282","17.6625","","0.73%"
"2020-6-22","17.8200","17.6536","18.0450","17.6341","","1.25%"
"2020-6-19","17.6000","17.5300","17.8200","17.3595","","0.54%"
"2020-6-18","17.5050","17.4850","17.6921","17.3050","","-0.43%"
"2020-6-17","17.5800","17.4300","17.6450","17.3000","","1.06%"
"2020-6-16","17.3950","17.3775","17.6000","17.2300","","-0.20%"
"2020-6-15","17.4300","17.4572","17.5861","16.9550","","-0.06%"
"2020-6-12","17.4400","17.6150","17.7725","17.3827","","-1.50%"
"2020-6-11","17.7050","18.1238","18.1700","17.4750","","-2.99%"
"2020-6-10","18.2500","17.5331","18.3150","17.5243","","3.75%"
"2020-6-9","17.5900","17.7614","17.8000","17.4550","","-1.51%"
"2020-6-8","17.8600","17.3865","17.9250","17.3150","","2.82%"
"2020-6-5","17.3700","17.7600","17.8150","17.2150","","-1.98%"
"2020-6-4","17.7200","17.7500","17.8675","17.4500","","0.28%"
"2020-6-3","17.6700","18.1000","18.1300","17.4592","","-2.32%"
"2020-6-2","18.0900","18.2850","18.3885","17.7730","","-0.99%"
"2020-6-1","18.2700","17.8850","18.4387","17.8850","","2.41%"
"2020-5-29","17.8400","17.4300","17.9350","17.2625","","2.41%"
"2020-5-28","17.4200","17.2765","17.5259","17.1700","","0.69%"
"2020-5-27","17.3000","17.1200","17.3800","16.8494","","1.17%"
"2020-5-26","17.1000","17.1230","17.4775","17.0150","","-0.58%"
"2020-5-25","17.2000","17.2020","17.2600","16.8829","","0.12%"
"2020-5-22","17.1800","17.0100","17.2566","16.7034","","0.70%"
"2020-5-21","17.0600","17.5100","17.5950","16.8750","","-2.51%"
"2020-5-20","17.5000","17.4400","17.6450","17.2685","","0.57%"
"2020-5-19","17.4000","16.9950","17.5000","16.9631","","1.31%"
"2020-5-18","17.1750","16.6350","17.5772","16.6350","","3.34%"
"2020-5-15","16.6200","15.8754","16.7400","15.7602","","4.73%"
"2020-5-14","15.8700","15.5625","15.9550","15.4384","","1.47%"
"2020-5-13","15.6400","15.4460","15.6650","15.3271","","1.49%"
"2020-5-12","15.4100","15.4928","15.6500","15.3364","","-0.90%"
"2020-5-11","15.5500","15.5050","15.6249","15.2700","","0.65%"
"2020-5-8","15.4500","15.3500","15.6460","15.2100","","-0.32%"
"2020-5-7","15.5000","14.8416","15.5275","14.8193","","3.89%"
"2020-5-6","14.9200","14.9665","15.1800","14.8150","","-0.67%"
"2020-5-5","15.0200","14.7976","15.0550","14.7100","","1.21%"
"2020-5-4","14.8400","14.9745","15.0819","14.7264","","-0.67%"
"2020-5-1","14.9400","14.9480","15.0653","14.7350","","-0.53%"
"2020-4-30","15.0200","15.2700","15.5150","14.7147","","-2.21%"
"2020-4-29","15.3600","15.1945","15.3996","15.0840","","1.12%"
"2020-4-28","15.1900","15.2025","15.2430","14.9050","","-0.56%"
"2020-4-27","15.2750","15.2594","15.3550","15.0100","","0.23%"
"2020-4-24","15.2400","15.2550","15.4059","15.0246","","-0.39%"
"2020-4-23","15.3000","15.0931","15.4550","14.9600","","0.96%"
"2020-4-22","15.1550","14.8800","15.1825","14.6850","","1.54%"
"2020-4-21","14.9250","15.3175","15.3500","14.5200","","-2.90%"
"2020-4-20","15.3700","15.1455","15.4475","15.0487","","1.59%"
"2020-4-17","15.1300","15.5449","15.5649","15.0334","","-3.14%"
"2020-4-16","15.6200","15.4867","15.6450","15.2015","","0.94%"
"2020-4-15","15.4750","15.7592","15.7950","15.2650","","-2.12%"
"2020-4-14","15.8100","15.3609","15.8600","15.3333","","2.33%"
"2020-4-13","15.4500","15.4744","15.5259","15.1316","","0.06%"
"2020-4-10","15.4400","15.4400","15.4700","15.4100","","-0.06%"
"2020-4-9","15.4500","14.9737","15.5750","14.9074","","2.66%"
"2020-4-8","15.0500","15.0114","15.1895","14.8569","","0.31%"
"2020-4-7","15.0030","15.0196","15.5074","14.8400","","0.12%"
"2020-4-6","14.9850","14.4070","15.1011","14.2379","","4.13%"
"2020-4-3","14.3900","14.4955","14.5884","14.2615","","-0.79%"
"2020-4-2","14.5050","13.9484","14.5650","13.8949","","3.61%"
"2020-4-1","14.0000","13.9700","14.1556","13.8050","","0.21%"
"2020-3-31","13.9700","14.0569","14.2583","13.8519","","-1.03%"
"2020-3-30","14.1150","14.5350","14.5952","13.8100","","-2.45%"
"2020-3-27","14.4700","14.4050","14.6615","14.1789","","0.59%"
"2020-3-26","14.3850","14.5000","14.6900","14.1547","","-0.31%"
"2020-3-25","14.4300","14.3100","14.7400","14.0084","","1.12%"
"2020-3-24","14.2700","13.2800","14.3650","13.1728","","7.70%"
"2020-3-23","13.2500","12.6000","13.2950","12.2708","","5.33%"
"2020-3-20","12.5800","12.0971","13.0278","11.9950","","3.88%"
"2020-3-19","12.1100","11.9598","12.3110","11.7750","","1.09%"
"2020-3-18","11.9800","12.6096","12.9050","11.6402","","-4.85%"
"2020-3-17","12.5900","12.8450","13.2550","12.1186","","-2.40%"
"2020-3-16","12.9000","15.0942","15.1210","11.7925","","-12.13%"
"2020-3-13","14.6800","15.8375","15.8800","14.4400","","-7.21%"
"2020-3-12","15.8200","16.7500","16.9407","15.5124","","-5.57%"
"2020-3-11","16.7530","16.8969","17.1269","16.6700","","-0.63%"
"2020-3-10","16.8600","16.9900","17.2150","16.8000","","-0.65%"
"2020-3-9","16.9700","17.3350","17.5317","16.5550","","-1.98%"
"2020-3-6","17.3130","17.4304","17.5891","17.0487","","-0.56%"
"2020-3-5","17.4100","17.2076","17.4701","17.1397","","1.34%"
"2020-3-4","17.1800","17.1966","17.3548","17.0729","","0.00%"
"2020-3-3","17.1800","16.7477","17.4775","16.7150","","2.70%"
"2020-3-2","16.7281","16.6900","17.0585","16.5050","","0.40%"
"2020-2-28","16.6615","17.7244","17.8783","16.3850","","-5.85%"
"2020-2-27","17.6975","17.9077","18.1455","17.6250","","-1.03%"
"2020-2-26","17.8823","18.0050","18.2261","17.7835","","-0.57%"
"2020-2-25","17.9856","18.6418","18.6750","17.8787","","-3.42%"
"2020-2-24","18.6224","18.4900","18.9635","18.4850","","0.86%"
"2020-2-21","18.4628","18.3678","18.6475","18.3438","","0.60%"
"2020-2-20","18.3520","18.4233","18.4627","18.2141","","-0.26%"
"2020-2-19","18.4000","18.1691","18.4704","18.1420","","1.31%"
"2020-2-18","18.1613","17.7950","18.2444","17.7750","","2.23%"
"2020-2-17","17.7650","17.7500","17.9181","17.6933","","0.20%"
"2020-2-14","17.7300","17.6467","17.8304","17.6153","","0.58%"
"2020-2-13","17.6274","17.4837","17.7530","17.4700","","0.94%"
"2020-2-12","17.4633","17.6522","17.6925","17.4515","","-0.96%"
"2020-2-11","17.6320","17.7741","17.8309","17.5590","","-0.66%"
"2020-2-10","17.7500","17.7000","17.8556","17.6670","","0.43%"
"2020-2-7","17.6735","17.8277","17.8795","17.6290","","-0.75%"
"2020-2-6","17.8077","17.6148","17.9029","17.5962","","1.21%"
"2020-2-5","17.5946","17.5969","17.7446","17.4706","","0.09%"
"2020-2-4","17.5781","17.6749","17.8034","17.5102","","-0.44%"
"2020-2-3","17.6566","18.0500","18.1103","17.5798","","-2.08%"
"2020-1-31","18.0313","17.8414","18.1114","17.7827","","1.16%"
"2020-1-30","17.8249","17.5590","18.0560","17.5407","","1.62%"
"2020-1-29","17.5401","17.4536","17.6048","17.3738","","0.61%"
"2020-1-28","17.4342","18.1028","18.1316","17.4362","","-3.59%"
"2020-1-27","18.0838","18.1100","18.3545","18.0361","","0.01%"
"2020-1-24","18.0820","17.8022","18.1693","17.7332","","1.68%"
"2020-1-23","17.7840","17.8375","17.9242","17.5991","","-0.19%"
"2020-1-22","17.8180","17.7906","17.9471","17.6688","","0.26%"
"2020-1-21","17.7721","18.0650","18.1726","17.6246","","-1.62%"
"2020-1-20","18.0650","18.0200","18.1430","17.9848","","0.37%"
"2020-1-17","17.9982","17.9512","18.1903","17.8916","","0.32%"
"2020-1-16","17.9406","18.0015","18.0610","17.8621","","-0.28%"
"2020-1-15","17.9905","17.7950","18.0562","17.7350","","1.13%"
"2020-1-14","17.7887","17.9743","17.9839","17.6668","","-0.97%"
"2020-1-13","17.9638","18.1000","18.1300","17.9102","","-0.71%"
"2020-1-10","18.0917","17.9090","18.1743","17.8250","","1.08%"
"2020-1-9","17.8985","18.0950","18.2200","17.7908","","-1.02%"
"2020-1-8","18.0831","18.4017","18.8550","18.0400","","-1.65%"
"2020-1-7","18.3874","18.1530","18.4499","17.9341","","1.35%"
"2020-1-6","18.1424","18.0400","18.5200","18.0007","","0.60%"
"2020-1-3","18.0343","18.0250","18.2871","17.9846","","0.12%"
"2020-1-2","18.0131","17.8650","18.1207","17.7742","","1.03%"
"2020-1-1","17.8300","17.8500","17.8650","17.8500","","0.00%"